AZAJO
  32.3667 112.8667
  0.9344000  0.6648900  0.0429850  0.2439700
  0.0283630  0.0000000  0.0162310  0.0384210
  1.0641000  0.0000000  0.9647500 -1.0815001
  0.0363780  0.0000000  0.0130770  0.0000000
 -1.0275000  0.0000000 -3.1975999  0.0000000
  0.0179730  0.0000000  0.0000000  0.0000000
 -3.7723999  0.0000000  0.0000000  0.0000000
  0.0098059  0.0000000  0.0000000  0.0000000
  0.0317090  0.0000000  0.0000000  0.0000000
  0.0154020  0.0000000  0.0000000  0.0000000
 -2.9135001  0.0000000  0.0000000  0.0000000
  0.0086088  0.0000000  0.0000000  0.0349790
  1.0806000  0.0000000  0.0000000 -3.3706999
  0.2984300
AZDOUGLAS
  31.4667 109.6000
  0.9005400  0.5643300  0.0453810  0.1922500
  0.0508600  0.0727090  0.0103800  0.0543260
  1.5734000  1.9532000 -1.9898000 -1.6202000
  0.0607460  0.0675160  0.0173310  0.0000000
 -0.7976700 -0.2185900 -2.0395000  0.0000000
  0.0318880  0.0000000  0.0128760  0.0000000
 -3.4635000  0.0000000  0.5737900  0.0000000
  0.0157960  0.0000000  0.0101370  0.0000000
  0.2926300  0.0000000  1.6378000  0.0000000
  0.0087727  0.0489530  0.0000000  0.0256990
 -1.8429000 -1.5368000  0.0000000  0.9225500
  0.0000000  0.0000000  0.0103090  0.0000000
  0.0000000  0.0000000 -2.7907000  0.0000000
  0.3778100
AZGLOBE
  33.3833 110.7833
  0.8967700  0.5715100  0.0728900  0.2648500
  0.0264660  0.0782400  0.0170950  0.0496160
  1.3954000  0.2246600  2.6027000 -2.8094001
  0.0585520  0.0000000  0.0000000  0.0310360
 -0.9603000  0.0000000  0.0000000  3.0857999
  0.0393760  0.0000000  0.0000000  0.0000000
 -3.4742999  0.0000000  0.0000000  0.0000000
  0.0187850  0.0000000  0.0000000  0.0000000
 -0.2483600  0.0000000  0.0000000  0.0000000
  0.0000000  0.0435180  0.0000000  0.0541080
  0.0000000 -2.0069001  0.0000000  0.2355600
  0.0000000  0.0000000  0.0000000  0.0000000
  0.0000000  0.0000000  0.0000000  0.0000000
  0.3707500
AZMCNARY
  34.0667 109.8500
  0.8624200  0.4454200  0.1412800  0.3089900
  0.0390710  0.0501710  0.0535200  0.0931200
  1.3279999  1.8357000  2.2718000  2.7632999
  0.0717150  0.0000000  0.0000000  0.0000000
 -1.0413001  0.0000000  0.0000000  0.0000000
  0.0304520  0.0498890  0.0400260  0.0393080
 -3.6954999 -2.6526000  0.1620100  0.6121900
  0.0203030  0.0390650  0.0000000  0.0000000
 -0.1080800  1.0702000  0.0000000  0.0000000
  0.0000000  0.0000000  0.0000000  0.0000000
  0.0000000  0.0000000  0.0000000  0.0000000
  0.0000000  0.0000000  0.0000000  0.0000000
  0.0000000  0.0000000  0.0000000  0.0000000
  0.3968500
AZPARKER
  34.1833 114.2167
  0.9554900  0.7495200  0.0590470  0.1913600
  0.0224420  0.1078200  0.0000000  0.0610100
 -0.1224700 -0.3899400  0.0000000 -2.4589000
  0.0166450  0.0000000  0.0000000  0.0000000
 -1.1737000  0.0000000  0.0000000  0.0000000
  0.0055441  0.0000000  0.0000000  0.0000000
 -4.3628001  0.0000000  0.0000000  0.0000000
  0.0081448  0.0000000  0.0000000  0.0303700
 -0.7101200  0.0000000  0.0000000  0.7617700
  0.0000000  0.0000000  0.0000000  0.0000000
  0.0000000  0.0000000  0.0000000  0.0000000
  0.0000000  0.0000000  0.0000000  0.0000000
  0.0000000  0.0000000  0.0000000  0.0000000
  0.4574600
AZPHOENIX
  33.4333 112.0167
  0.9306900  0.6435400  0.0191250  0.1982500
  0.0193860  0.0682180  0.0000000  0.0422580
  0.4197100 -0.4386900  0.0000000 -2.3046999
  0.0326080  0.0376430  0.0068243  0.0000000
 -1.0580000 -1.1625000 -1.5180000  0.0000000
  0.0152750  0.0000000  0.0000000  0.0000000
 -3.6702001  0.0000000  0.0000000  0.0000000
  0.0075275  0.0000000  0.0000000  0.0267930
 -0.0454130  0.0000000  0.0000000  0.8272100
  0.0082278  0.0508210  0.0000000  0.0000000
 -2.3494999 -0.8026700  0.0000000  0.0000000
  0.0000000  0.0000000  0.0057691  0.0000000
  0.0000000  0.0000000  0.7322500  0.0000000
  0.2461300
AZPRESCOTT
  34.5667 112.4667
  0.8853100  0.4856000  0.0277640  0.2561100
  0.0202510  0.0000000  0.0000000  0.0588240
  1.7093000  0.0000000  0.0000000 -2.6073000
  0.0568840  0.0000000  0.0000000  0.0306920
 -0.9771100  0.0000000  0.0000000  2.1636000
  0.0375340  0.0000000  0.0000000  0.0000000
 -3.5734000  0.0000000  0.0000000  0.0000000
  0.0289460  0.0000000  0.0000000  0.0000000
 -0.0745480  0.0000000  0.0000000  0.0000000
  0.0228840  0.0000000  0.0000000  0.0234650
 -2.5011001  0.0000000  0.0000000 -3.0035000
  0.0101700  0.0000000  0.0000000  0.0000000
  2.1299000  0.0000000  0.0000000  0.0000000
  0.2999000
AZSAFFORD
  32.8167 109.6833
  0.8971600  0.6170400  0.0245140  0.1545900
  0.0305760  0.0601230  0.0071112  0.0481580
  1.2198000  0.1100500 -1.8168000 -1.8674001
  0.0560960  0.0000000  0.0000000  0.0194960
 -0.9723200  0.0000000  0.0000000  1.7666000
  0.0287440  0.0000000  0.0036567  0.0126330
 -3.5580001  0.0000000  0.2035600  2.3180001
  0.0085516  0.0000000  0.0000000  0.0000000
 -0.1622000  0.0000000  0.0000000  0.0000000
  0.0085956  0.0500830  0.0069721  0.0173490
 -2.1530001 -1.9270999  1.1217999  1.7506000
  0.0000000  0.0000000  0.0000000  0.0000000
  0.0000000  0.0000000  0.0000000  0.0000000
  0.3361600
AZSEDONA
  34.8667 111.7667
  0.8874500  0.5232400  0.0266720  0.2682500
  0.0182840  0.0000000  0.0121760  0.0768320
  1.5484000  0.0000000  2.9377000  3.1168001
  0.0444290  0.0000000  0.0000000  0.0301530
 -0.9515400  0.0000000  0.0000000  1.0053000
  0.0317320  0.0000000  0.0000000  0.0000000
 -3.7005999  0.0000000  0.0000000  0.0000000
  0.0191500  0.0000000  0.0000000  0.0000000
  0.0629210  0.0000000  0.0000000  0.0000000
  0.0186320  0.0000000  0.0000000  0.0000000
 -2.0513999  0.0000000  0.0000000  0.0000000
  0.0000000  0.0000000  0.0000000  0.0000000
  0.0000000  0.0000000  0.0000000  0.0000000
  0.2371300
AZTUCSON
  32.1333 110.9500
  0.8930100  0.5836700  0.0149900  0.1902500
  0.0395680  0.0000000  0.0000000  0.0715150
  1.3854001  0.0000000  0.0000000 -2.3103001
  0.0597520  0.0000000  0.0046879  0.0401980
 -0.8933000  0.0000000  0.4015800  1.2695000
  0.0344540  0.0000000  0.0000000  0.0000000
 -3.7240000  0.0000000  0.0000000  0.0000000
  0.0164320  0.0000000  0.0060804  0.0167680
 -0.2045800  0.0000000  2.7286999 -1.3503000
  0.0137150  0.0000000  0.0000000  0.0326810
 -2.2634001  0.0000000  0.0000000  2.2755001
  0.0138530  0.0000000  0.0000000  0.0000000
 -3.7704999  0.0000000  0.0000000  0.0000000
  0.2256800
AZWINSLOW
  35.0167 110.7333
  0.8878600  0.6247700  0.0163530  0.1328600
  0.0201980  0.0561310  0.0000000  0.0397010
  1.6249000  0.9829400  0.0000000 -1.6868000
  0.0499510  0.0000000  0.0000000  0.0000000
 -1.0427999  0.0000000  0.0000000  0.0000000
  0.0300910  0.0000000  0.0000000  0.0130900
 -3.5596001  0.0000000  0.0000000  2.0246000
  0.0133090  0.0351870  0.0000000  0.0000000
 -0.3760300  0.7787400  0.0000000  0.0000000
  0.0112530  0.0333070  0.0000000  0.0000000
 -2.2816999 -1.7929000  0.0000000  0.0000000
  0.0079455  0.0000000  0.0000000  0.0125130
 -3.4533999  0.0000000  0.0000000 -2.5818000
  0.3365500
AZYUMA
  32.6667 114.6000
  0.9614600  0.7557900  0.0327560  0.1581100
  0.0231660  0.0525710  0.0000000  0.0449390
 -0.0289740  0.3073900  0.0000000 -1.9277000
  0.0113280  0.0000000  0.0000000  0.0000000
 -0.9828000  0.0000000  0.0000000  0.0000000
  0.0067712  0.0000000  0.0000000  0.0000000
  1.9274000  0.0000000  0.0000000  0.0000000
  0.0044688  0.0000000  0.0000000  0.0000000
 -1.3468000  0.0000000  0.0000000  0.0000000
  0.0000000  0.0000000  0.0129240  0.0000000
  0.0000000  0.0000000  2.2855999  0.0000000
  0.0000000  0.0000000  0.0098848  0.0000000
  0.0000000  0.0000000 -2.7897000  0.0000000
  0.4944900
CABAKERSFIELD
  35.4167 119.0500
  0.9287200  0.6583300  0.0231180  0.1546200
  0.0694510  0.1096200  0.0000000  0.0000000
 -0.9045300 -1.3235000  0.0000000  0.0000000
  0.0062273  0.0000000  0.0000000  0.0000000
 -1.6545000  0.0000000  0.0000000  0.0000000
  0.0000000  0.0000000  0.0000000  0.0203620
  0.0000000  0.0000000  0.0000000 -4.2856002
  0.0000000  0.0000000  0.0000000  0.0000000
  0.0000000  0.0000000  0.0000000  0.0000000
  0.0000000  0.0000000  0.0000000  0.0000000
  0.0000000  0.0000000  0.0000000  0.0000000
  0.0000000  0.0000000  0.0000000  0.0000000
  0.0000000  0.0000000  0.0000000  0.0000000
  0.2621200
CABLUECANYON
  39.2833 120.7000
  0.8575900  0.4350400  0.0445120  0.6634400
  0.1103800  0.1586500  0.0367660  0.3232500
 -1.0565000 -1.0454000  2.2681999  2.8138001
  0.0129320  0.0306680  0.0000000  0.1124000
  2.7430999  2.6867001  0.0000000 -3.9177001
  0.0091371  0.0000000  0.0000000  0.0784640
 -2.8882000  0.0000000  0.0000000 -0.3415000
  0.0131310  0.0000000  0.0000000  0.0000000
 -1.5975000  0.0000000  0.0000000  0.0000000
  0.0000000  0.0000000 -0.0074839  0.0000000
  0.0000000  0.0000000  0.5182400  0.0000000
  0.0000000  0.0000000  0.0000000  0.0000000
  0.0000000  0.0000000  0.0000000  0.0000000
  0.1838300
CABRAWLEY
  32.9500 115.5500
  0.9719200  0.6923100  0.0308920  0.1934300
  0.0229990  0.0000000  0.0000000  0.0592500
 -0.3637600  0.0000000  0.0000000 -1.6558000
  0.0064046  0.0000000  0.0000000  0.0000000
 -0.8033000  0.0000000  0.0000000  0.0000000
  0.0000000  0.0000000  0.0129970  0.0000000
  0.0000000  0.0000000 -0.3783500  0.0000000
  0.0049025  0.0000000  0.0000000  0.0000000
 -0.4113800  0.0000000  0.0000000  0.0000000
  0.0021635  0.0000000  0.0000000  0.0000000
 -3.3698001  0.0000000  0.0000000  0.0000000
  0.0000000  0.0000000  0.0000000  0.0000000
  0.0000000  0.0000000  0.0000000  0.0000000
  0.4603800
CABRIDGEPORT
  38.2500 119.2333
  0.9122800  0.6115300  0.0550580  0.1945200
  0.0256270  0.0462690  0.0181140  0.0720150
 -1.5093000  0.7275600  1.3490000  2.5820999
  0.0116130  0.0000000  0.0170330  0.0533580
 -0.4280700  0.0000000 -2.6665001 -3.2381001
  0.0101330  0.0000000  0.0000000  0.0324500
 -3.0434999  0.0000000  0.0000000  2.8954999
  0.0000000  0.0000000  0.0000000  0.0000000
  0.0000000  0.0000000  0.0000000  0.0000000
  0.0000000  0.0451300  0.0000000  0.0000000
  0.0000000  2.2219999  0.0000000  0.0000000
  0.0000000  0.0000000  0.0000000  0.0323920
  0.0000000  0.0000000  0.0000000 -1.4110000
  0.3379700
CAEUREKA
  40.8000 124.1667
  0.7994100  0.4575700  0.0193360  0.2625300
  0.1301200  0.2223300  0.0173060  0.1482600
 -0.9680600 -0.9809700  2.0044000  2.6219001
  0.0212200  0.0612010  0.0000000  0.0399590
  2.5157001  2.7381999  0.0000000  0.1758400
  0.0178100  0.0000000  0.0000000  0.0000000
 -2.6686001  0.0000000  0.0000000  0.0000000
  0.0190240  0.0309290  0.0000000  0.0000000
 -1.4955000 -1.2980000  0.0000000  0.0000000
  0.0000000  0.0000000  0.0000000  0.0274470
  0.0000000  0.0000000  0.0000000 -2.0794001
  0.0000000  0.0000000  0.0000000  0.0214120
  0.0000000  0.0000000  0.0000000 -0.8502900
  0.1844500
CAFRESNO
  36.7667 119.7167
  0.9181700  0.6422900  0.0060925  0.2092900
  0.0779160  0.1815100  0.0000000  0.0361610
 -0.9799500 -1.0088000  0.0000000  2.2045000
  0.0046217  0.0377080  0.0028934  0.0000000
 -1.0727000  2.8522000  0.5635700  0.0000000
  0.0063826  0.0000000  0.0000000  0.0000000
 -3.6003001  0.0000000  0.0000000  0.0000000
  0.0000000  0.0000000  0.0000000  0.0000000
  0.0000000  0.0000000  0.0000000  0.0000000
  0.0000000  0.0000000  0.0000000  0.0280390
  0.0000000  0.0000000  0.0000000 -1.9506000
  0.0000000  0.0000000  0.0000000  0.0000000
  0.0000000  0.0000000  0.0000000  0.0000000
  0.1426400
CAINDIO
  33.7333 116.2500
  0.9674500  0.7737800  0.0574540  0.2082200
  0.0245580  0.1447400  0.0000000  0.1044400
 -0.4712100 -0.1378900  0.0000000 -2.3182001
  0.0117730  0.0000000  0.0000000  0.0000000
 -1.1310000  0.0000000  0.0000000  0.0000000
  0.0000000  0.0000000  0.0000000  0.0000000
  0.0000000  0.0000000  0.0000000  0.0000000
  0.0000000  0.0000000  0.0000000  0.0000000
  0.0000000  0.0000000  0.0000000  0.0000000
  0.0000000  0.0000000  0.0000000  0.0000000
  0.0000000  0.0000000  0.0000000  0.0000000
  0.0000000  0.0000000  0.0000000  0.0000000
  0.0000000  0.0000000  0.0000000  0.0000000
  0.6252200
CALAKEPORT
  39.0333 122.9167
  0.8906400  0.5077700  0.0877030  0.3814200
  0.1002500  0.1910600  0.0704420  0.1591100
 -0.9812100 -0.6680700  2.5109000  3.0946000
  0.0081185  0.0000000  0.0222150  0.0868440
 -1.9220001  0.0000000 -2.5451000 -3.5098000
  0.0110920  0.0000000  0.0000000  0.0000000
 -2.9633999  0.0000000  0.0000000  0.0000000
  0.0076349  0.0499040  0.0000000  0.0439490
 -1.4715000  1.0421000  0.0000000 -1.1783000
  0.0000000  0.0000000  0.0000000  0.0000000
  0.0000000  0.0000000  0.0000000  0.0000000
  0.0000000  0.0000000  0.0000000  0.0000000
  0.0000000  0.0000000  0.0000000  0.0000000
  0.3005400
CALOSANGELES
  33.9333 118.4000
  0.9388900  0.6210800  0.0296910  0.2921900
  0.0544930  0.1680000  0.0215530  0.1646300
 -0.9219800 -0.9182200  2.2153001  2.6549001
  0.0082622  0.0000000  0.0130470  0.0713600
 -1.7553999  0.0000000  1.9633000  2.2000999
  0.0051347  0.0000000  0.0000000  0.0000000
 -2.1945000  0.0000000  0.0000000  0.0000000
  0.0000000  0.0000000  0.0000000  0.0000000
  0.0000000  0.0000000  0.0000000  0.0000000
  0.0000000  0.0000000  0.0000000  0.0678100
  0.0000000  0.0000000  0.0000000 -2.7722001
  0.0000000  0.0000000  0.0000000  0.0000000
  0.0000000  0.0000000  0.0000000  0.0000000
  0.2951700
CAMONTEREY
  36.6000 121.9000
  0.8603800  0.5639100  0.0143780  0.2313500
  0.0798570  0.2146400  0.0108730  0.1785300
 -1.0585001 -0.9856200  1.9246000  2.6893001
  0.0000000  0.0000000  0.0000000  0.0548000
  0.0000000  0.0000000  0.0000000  0.1758200
  0.0201150  0.0000000  0.0028507  0.0307530
 -2.7713001  0.0000000 -1.5822999  2.0033000
  0.0124360  0.0000000  0.0000000  0.0324910
 -1.8908000  0.0000000  0.0000000 -1.0574000
  0.0000000  0.0000000  0.0000000  0.0168730
  0.0000000  0.0000000  0.0000000 -1.5588000
  0.0000000  0.0000000  0.0000000  0.0000000
  0.0000000  0.0000000  0.0000000  0.0000000
  0.2484500
CAMOUNTSHASTA
  41.3167 122.3167
  0.8486400  0.4548400  0.0569670  0.3395700
  0.1003000  0.1664000  0.0110640  0.1985800
 -1.1451000 -0.9960500 -3.9126999  2.6071999
  0.0000000  0.0332940  0.0000000  0.0000000
  0.0000000 -3.3608000  0.0000000  0.0000000
  0.0000000  0.0000000  0.0000000  0.0000000
  0.0000000  0.0000000  0.0000000  0.0000000
  0.0156880  0.0000000  0.0000000  0.0000000
 -1.6936001  0.0000000  0.0000000  0.0000000
  0.0000000  0.0000000  0.0117820  0.0000000
  0.0000000  0.0000000 -0.5626400  0.0000000
  0.0000000  0.0289390  0.0000000  0.0000000
  0.0000000  1.3552999  0.0000000  0.0000000
  0.3686100
CAREDBLUFF
  40.1500 122.2500
  0.8806300  0.5283700  0.0071051  0.2800300
  0.1031600  0.1873600  0.0000000  0.0867610
 -0.9514100 -0.7305700  0.0000000  2.9054999
  0.0000000  0.0000000  0.0000000  0.0334190
  0.0000000  0.0000000  0.0000000 -3.5494001
  0.0000000  0.0000000  0.0031501  0.0000000
  0.0000000  0.0000000  0.8913200  0.0000000
  0.0106770  0.0000000  0.0000000  0.0000000
 -1.4438000  0.0000000  0.0000000  0.0000000
  0.0000000  0.0000000  0.0000000  0.0000000
  0.0000000  0.0000000  0.0000000  0.0000000
  0.0000000  0.0000000  0.0000000  0.0000000
  0.0000000  0.0000000  0.0000000  0.0000000
  0.1625700
CASACRAMENTO
  38.5167 121.5000
  0.8946800  0.5910400  0.0130350  0.2513600
  0.1012700  0.2077800  0.0000000  0.0957830
 -0.9450300 -0.7529300  0.0000000  2.7999001
  0.0000000  0.0000000  0.0000000  0.0378110
  0.0000000  0.0000000  0.0000000  1.9685000
  0.0084126  0.0000000  0.0000000  0.0000000
 -2.5822001  0.0000000  0.0000000  0.0000000
  0.0065613  0.0378360  0.0062621  0.0382410
 -1.9895999  1.0082000 -4.9217000 -2.2047999
  0.0000000  0.0000000  0.0000000  0.0000000
  0.0000000  0.0000000  0.0000000  0.0000000
  0.0000000  0.0000000  0.0000000  0.0000000
  0.0000000  0.0000000  0.0000000  0.0000000
  0.1978200
CASANDIEGO
  32.7333 117.1667
  0.9251500  0.6196400  0.0195050  0.1942400
  0.0608630  0.1791000  0.0162660  0.0840000
 -1.0572000 -0.9523400  2.3838000  2.6538000
  0.0000000  0.0000000  0.0094666  0.0465820
  0.0000000  0.0000000  2.5091000  2.2051001
  0.0062268  0.0000000  0.0000000  0.0433830
 -2.7806001  0.0000000  0.0000000 -0.0563770
  0.0000000  0.0000000  0.0000000  0.0000000
  0.0000000  0.0000000  0.0000000  0.0000000
  0.0000000  0.0000000  0.0000000  0.0000000
  0.0000000  0.0000000  0.0000000  0.0000000
  0.0000000  0.0000000  0.0000000  0.0000000
  0.0000000  0.0000000  0.0000000  0.0000000
  0.3295200
CASANFRANCISCO
  37.6167 122.3833
  0.8940100  0.5657000  0.0192550  0.2847900
  0.1026100  0.2158400  0.0115000  0.0962090
 -1.0051000 -0.8801600  2.2674999  3.1197000
  0.0081613  0.0000000  0.0000000  0.0710340
 -1.5221000  0.0000000  0.0000000 -4.0393000
  0.0139930  0.0000000  0.0000000  0.0000000
 -2.6995001  0.0000000  0.0000000  0.0000000
  0.0098253  0.0478600  0.0080872  0.0227080
 -1.8954000  1.1953000 -2.3979001 -1.3683000
  0.0000000  0.0000000  0.0000000  0.0416100
  0.0000000  0.0000000  0.0000000 -1.3350000
  0.0000000  0.0000000  0.0000000  0.0000000
  0.0000000  0.0000000  0.0000000  0.0000000
  0.2467800
CASANTABARBARA
  34.4333 119.8333
  0.9372300  0.6374500  0.0247510  0.3954500
  0.0572500  0.2111800  0.0200610  0.1367400
 -0.8735500 -0.9836700  1.9016000  2.6719000
  0.0080455  0.0000000  0.0000000  0.1163300
 -1.3325000  0.0000000  0.0000000  2.0311000
  0.0080333  0.0000000  0.0000000  0.0000000
 -2.2718999  0.0000000  0.0000000  0.0000000
  0.0000000  0.0000000  0.0000000  0.0000000
  0.0000000  0.0000000  0.0000000  0.0000000
  0.0000000  0.0000000  0.0000000  0.0580720
  0.0000000  0.0000000  0.0000000 -2.8169000
  0.0000000  0.0000000  0.0000000  0.0000000
  0.0000000  0.0000000  0.0000000  0.0000000
  0.1859700
CASANTAMARIA
  34.9000 120.4500
  0.9203000  0.6122700  0.0189420  0.2232500
  0.0738170  0.2036700  0.0193350  0.0761890
 -0.9149600 -1.0834000  2.0683000  2.4065001
  0.0000000  0.0000000  0.0077442  0.0552160
  0.0000000  0.0000000 -3.3046999  2.0423999
  0.0054475  0.0000000  0.0000000  0.0000000
 -2.7634001  0.0000000  0.0000000  0.0000000
  0.0000000  0.0000000  0.0000000  0.0000000
  0.0000000  0.0000000  0.0000000  0.0000000
  0.0000000  0.0000000  0.0000000  0.0000000
  0.0000000  0.0000000  0.0000000  0.0000000
  0.0000000  0.0000000  0.0000000  0.0000000
  0.0000000  0.0000000  0.0000000  0.0000000
  0.2828700
CAVICTORVILLE
  34.5333 117.3000
  0.9463700  0.6939100  0.0308960  0.2041900
  0.0331810  0.0963470  0.0000000  0.0478610
 -0.7851700 -0.9886000  0.0000000  2.7967999
  0.0142790  0.0000000  0.0000000  0.0000000
 -1.3388000  0.0000000  0.0000000  0.0000000
  0.0000000  0.0000000  0.0000000  0.0388970
  0.0000000  0.0000000  0.0000000  1.8887000
  0.0067367  0.0000000  0.0000000  0.0000000
 -0.4850900  0.0000000  0.0000000  0.0000000
  0.0000000  0.0000000  0.0124170  0.0000000
  0.0000000  0.0000000 -2.6624000  0.0000000
  0.0000000  0.0000000  0.0000000  0.0000000
  0.0000000  0.0000000  0.0000000  0.0000000
  0.2983500
COALAMOSA
  37.4500 105.8667
  0.8494200  0.6384700  0.0168840  0.0997610
  0.0480920  0.0790380  0.0000000  0.0319430
  2.4821999  1.9851000  0.0000000 -1.3088000
  0.0350610  0.0000000  0.0000000  0.0226700
 -0.8028000  0.0000000  0.0000000 -0.8521900
  0.0290180  0.0000000  0.0000000  0.0000000
 -3.3436000  0.0000000  0.0000000  0.0000000
  0.0000000  0.0371510  0.0000000  0.0000000
  0.0000000 -0.2632600  0.0000000  0.0000000
  0.0000000  0.0339050  0.0000000  0.0000000
  0.0000000 -2.4308000  0.0000000  0.0000000
  0.0000000  0.0000000  0.0000000  0.0000000
  0.0000000  0.0000000  0.0000000  0.0000000
  0.3801800
COCOLORADOSPRINGS
  38.8167 104.7167
  0.8112700  0.5492300  0.0161620  0.1588100
  0.0848230  0.0882610  0.0070592  0.0943910
  2.6415999  2.7458999 -0.3780600 -0.7328200
  0.0335470  0.0000000  0.0000000  0.0183170
 -0.4018800  0.0000000  0.0000000 -0.3778800
  0.0189000  0.0310580  0.0025428  0.0000000
 -3.3024001  2.2291000 -1.5642999  0.0000000
  0.0000000  0.0000000  0.0032032  0.0000000
  0.0000000  0.0000000 -3.9676001  0.0000000
  0.0000000  0.0426820  0.0031772  0.0175150
  0.0000000 -1.9739000  1.7131000  0.5721100
  0.0156370  0.0000000  0.0000000  0.0000000
 -3.7878001  0.0000000  0.0000000  0.0000000
  0.3629000
COCORTEZ
  37.3500 108.5667
  0.8703600  0.5508700  0.0545680  0.1728500
  0.0188810  0.0000000  0.0249160  0.0233100
  1.2624000  0.0000000  2.0355000 -2.2534001
  0.0331710  0.0000000  0.0000000  0.0389350
 -1.0305001  0.0000000  0.0000000 -0.0966990
  0.0241690  0.0000000  0.0000000  0.0178230
  2.5732000  0.0000000  0.0000000 -1.7131000
  0.0167030  0.0000000  0.0000000  0.0209460
 -0.4464400  0.0000000  0.0000000 -2.0955999
  0.0137090  0.0000000  0.0000000  0.0000000
 -1.4403000  0.0000000  0.0000000  0.0000000
  0.0000000  0.0000000  0.0000000  0.0000000
  0.0000000  0.0000000  0.0000000  0.0000000
  0.3450300
CODENVER
  39.7667 104.8667
  0.8172300  0.5620200  0.0182610  0.1607400
  0.0536810  0.0540950  0.0031992  0.0576610
  3.0711999 -2.7972000  0.4496100 -0.5604000
  0.0000000  0.0271510  0.0054335  0.0290320
  0.0000000  2.4559000  0.0436770 -0.4488200
  0.0000000  0.0000000 -0.0042143  0.0000000
  0.0000000  0.0000000 -2.8538001  0.0000000
  0.0194480  0.0000000  0.0000000  0.0000000
 -0.7983300  0.0000000  0.0000000  0.0000000
  0.0185320  0.0000000  0.0000000  0.0134090
 -3.1615000  0.0000000  0.0000000  1.4211000
  0.0000000  0.0374210  0.0000000  0.0000000
  0.0000000 -3.6812999  0.0000000  0.0000000
  0.3607800
CODILLON
  39.6333 106.0333
  0.7623200  0.5095700  0.0461540  0.1105900
  0.0181260  0.0509460  0.0000000  0.0249380
 -2.5688000  2.3814001  0.0000000 -0.7923400
  0.0305270  0.0313700  0.0000000  0.0000000
 -1.0006000 -0.5363700  0.0000000  0.0000000
  0.0326220  0.0000000  0.0000000  0.0000000
  2.7951000  0.0000000  0.0000000  0.0000000
  0.0166090  0.0000000  0.0000000  0.0000000
 -0.3695100  0.0000000  0.0000000  0.0000000
  0.0000000  0.0000000  0.0000000  0.0092460
  0.0000000  0.0000000  0.0000000  1.7070000
  0.0206300  0.0000000  0.0000000  0.0000000
 -3.7767000  0.0000000  0.0000000  0.0000000
  0.3550200
COGRANDJUNCTION
  39.1000 108.5500
  0.8559100  0.5715500  0.0123800  0.1118000
  0.0186800  0.0000000  0.0000000  0.0258800
 -0.9491700  0.0000000  0.0000000 -1.2194999
  0.0239350  0.0000000  0.0000000  0.0175840
 -1.8399000  0.0000000  0.0000000 -0.0184770
  0.0233290  0.0000000  0.0051923  0.0000000
  2.4642999  0.0000000  1.6623000  0.0000000
  0.0000000  0.0000000  0.0000000  0.0000000
  0.0000000  0.0000000  0.0000000  0.0000000
  0.0000000  0.0000000  0.0039684  0.0000000
  0.0000000  0.0000000 -1.5379000  0.0000000
  0.0000000  0.0000000  0.0000000  0.0000000
  0.0000000  0.0000000  0.0000000  0.0000000
  0.2428300
COPUEBLO
  38.2833 104.5167
  0.8514400  0.6346400  0.0142080  0.1496500
  0.0528550  0.0519890  0.0068863  0.0762530
  2.6394000 -3.1171000 -0.8879700 -0.8826600
  0.0288380  0.0000000  0.0055401  0.0182720
 -0.1578800  0.0000000  0.7160900  0.6033500
  0.0154160  0.0510770  0.0000000  0.0209750
 -3.1679001  2.0964000  0.0000000 -0.6634700
  0.0145780  0.0000000  0.0000000  0.0000000
 -0.3552400  0.0000000  0.0000000  0.0000000
  0.0000000  0.0657300  0.0000000  0.0000000
  0.0000000 -1.6407000  0.0000000  0.0000000
  0.0189130  0.0000000  0.0000000  0.0000000
 -3.8389001  0.0000000  0.0000000  0.0000000
  0.3147200
COSTEAMBOATSPRINGS
  40.5000 106.8333
  0.7548500  0.5158500  0.1299100  0.1869500
  0.0587840  0.0579620  0.0471710  0.0133630
 -1.5101000 -1.0682000  2.2086999 -2.5332000
  0.0384930  0.0000000  0.0000000  0.0000000
 -0.5566100  0.0000000  0.0000000  0.0000000
  0.0235420  0.0483700  0.0000000  0.0000000
  1.9915000  0.9514000  0.0000000  0.0000000
  0.0000000  0.0000000  0.0000000  0.0000000
  0.0000000  0.0000000  0.0000000  0.0000000
  0.0000000  0.0000000  0.0000000  0.0000000
  0.0000000  0.0000000  0.0000000  0.0000000
  0.0000000  0.0000000  0.0000000  0.0000000
  0.0000000  0.0000000  0.0000000  0.0000000
  0.5165700
COSTERLING
  40.6167 103.1833
  0.8612600  0.6623100  0.0460980  0.2027300
  0.0762080  0.1186300  0.0349060  0.1219400
  2.8863001  2.9433999 -0.9476600 -0.7969300
  0.0151760  0.0599660  0.0000000  0.0000000
  0.6075700  2.4342000  0.0000000  0.0000000
  0.0000000  0.0000000  0.0000000  0.0000000
  0.0000000  0.0000000  0.0000000  0.0000000
  0.0000000  0.0000000  0.0000000  0.0000000
  0.0000000  0.0000000  0.0000000  0.0000000
  0.0000000  0.0409180  0.0000000  0.0258840
  0.0000000 -2.9556999  0.0000000 -0.0825530
  0.0122160  0.0000000  0.0000000  0.0000000
 -4.0247002  0.0000000  0.0000000  0.0000000
  0.3598200
COTRINIDAD
  37.2500 104.3333
  0.8420300  0.5985000  0.0453130  0.1702700
  0.0507520  0.0000000  0.0173480  0.0868290
  2.6271999  0.0000000 -0.0131180 -0.8458500
  0.0229230  0.0000000  0.0000000  0.0000000
 -0.4122800  0.0000000  0.0000000  0.0000000
  0.0144330  0.0000000  0.0000000  0.0000000
 -3.1763999  0.0000000  0.0000000  0.0000000
  0.0000000  0.0000000  0.0000000  0.0000000
  0.0000000  0.0000000  0.0000000  0.0000000
  0.0000000  0.0000000  0.0000000  0.0153660
  0.0000000  0.0000000  0.0000000  0.0517790
  0.0000000  0.0000000  0.0000000  0.0000000
  0.0000000  0.0000000  0.0000000  0.0000000
  0.4206800
IADESMOINES
  41.5333  93.6500
  0.7620500  0.5665400  0.0219510  0.2783200
  0.0561310  0.0300380  0.0000000  0.1265400
 -3.1011000 -2.8359001  0.0000000 -0.8967900
  0.0000000  0.0329390  0.0000000  0.0218390
  0.0000000  2.7681000  0.0000000 -0.0836930
  0.0000000  0.0000000  0.0040040  0.0000000
  0.0000000  0.0000000 -1.3645000  0.0000000
  0.0000000  0.0000000  0.0000000  0.0000000
  0.0000000  0.0000000  0.0000000  0.0000000
  0.0000000  0.0000000 -0.0066647  0.0000000
  0.0000000  0.0000000 -1.4947000  0.0000000
  0.0000000  0.0000000  0.0052920  0.0294320
  0.0000000  0.0000000  2.2665000  1.3720000
  0.2787600
IADUBUQUE
  42.4000  90.7000
  0.7376100  0.5488500  0.0467420  0.3274300
  0.0388000  0.0000000  0.0254510  0.1491600
 -2.8104000  0.0000000 -0.6327600 -0.9817400
  0.0116800  0.0000000  0.0000000  0.0373590
  0.8942100  0.0000000  0.0000000  0.1633100
  0.0000000  0.0000000  0.0000000  0.0000000
  0.0000000  0.0000000  0.0000000  0.0000000
  0.0206860  0.0000000  0.0000000  0.0000000
  2.1524999  0.0000000  0.0000000  0.0000000
  0.0000000  0.0000000  0.0000000  0.0000000
  0.0000000  0.0000000  0.0000000  0.0000000
  0.0000000  0.0000000  0.0000000  0.0272000
  0.0000000  0.0000000  0.0000000  0.9230000
  0.3180200
IAMASONCITY
  43.1667  93.3333
  0.7810000  0.6054000  0.0522410  0.3363300
  0.0551630  0.0000000  0.0372380  0.1954100
 -3.2375000  0.0000000 -0.6259500 -0.9843800
  0.0056849  0.0000000  0.0000000  0.0000000
  1.8889000  0.0000000  0.0000000  0.0000000
  0.0000000  0.0000000  0.0000000  0.0000000
  0.0000000  0.0000000  0.0000000  0.0000000
  0.0000000  0.0000000  0.0000000  0.0000000
  0.0000000  0.0000000  0.0000000  0.0000000
  0.0000000  0.0000000  0.0000000  0.0000000
  0.0000000  0.0000000  0.0000000  0.0000000
  0.0172930  0.0000000  0.0000000  0.0000000
  1.2665000  0.0000000  0.0000000  0.0000000
  0.2498800
IAOTTUMWA
  41.1000  92.4500
  0.7705400  0.5662400  0.0212090  0.3152900
  0.0392540  0.0000000  0.0160350  0.1616100
  2.8492999  0.0000000 -0.5442900 -0.9631400
  0.0248530  0.0000000  0.0000000  0.0333390
  1.9944000  0.0000000  0.0000000  0.3452300
  0.0000000  0.0000000  0.0000000  0.0000000
  0.0000000  0.0000000  0.0000000  0.0000000
  0.0000000  0.0000000  0.0000000  0.0245390
  0.0000000  0.0000000  0.0000000 -0.4494300
  0.0000000  0.0000000  0.0000000  0.0000000
  0.0000000  0.0000000  0.0000000  0.0000000
  0.0000000  0.0000000  0.0000000  0.0000000
  0.0000000  0.0000000  0.0000000  0.0000000
  0.2197100
IASIOUXCITY
  42.4000  96.3833
  0.7778200  0.5975500  0.0249380  0.2441600
  0.0703430  0.0489280  0.0133880  0.1327000
  3.0167000 -2.6547999 -0.4038200 -0.8080100
  0.0152850  0.0450740  0.0029325  0.0214940
 -0.1375500  2.6701000  5.5169001  0.1813800
  0.0000000  0.0000000  0.0000000  0.0209080
  0.0000000  0.0000000  0.0000000  1.5836000
  0.0143650  0.0000000  0.0000000  0.0000000
 -1.9792000  0.0000000  0.0000000  0.0000000
  0.0000000  0.0160180  0.0034300  0.0174790
  0.0000000  0.6102600  0.9238100  0.0687440
  0.0000000  0.0000000  0.0000000  0.0161780
  0.0000000  0.0000000  0.0000000  1.3837000
  0.3317200
IAWATERLOO
  42.5500  92.4000
  0.7641000  0.5879800  0.0429920  0.2979300
  0.0527380  0.0316660  0.0259980  0.1607600
  2.9767001 -2.9063001 -0.7324500 -0.8864000
  0.0000000  0.0454150  0.0000000  0.0240340
  0.0000000  2.8422000  0.0000000  0.0758720
  0.0000000  0.0000000  0.0000000  0.0000000
  0.0000000  0.0000000  0.0000000  0.0000000
  0.0132170  0.0000000  0.0052899  0.0000000
 -2.6956000  0.0000000 -1.8248000  0.0000000
  0.0000000  0.0000000  0.0000000  0.0000000
  0.0000000  0.0000000  0.0000000  0.0000000
  0.0000000  0.0000000  0.0000000  0.0163340
  0.0000000  0.0000000  0.0000000  1.4299999
  0.3200800
IDBOISE
  43.5667 116.2167
  0.8160200  0.5514600  0.0054834  0.1301700
  0.1090200  0.1045800  0.0000000  0.0190490
 -1.1507000 -0.7689700  0.0000000 -0.9546300
  0.0183650  0.0362770  0.0019138  0.0000000
  1.9595000  0.7098900  0.3367600  0.0000000
  0.0000000  0.0392180  0.0000000  0.0000000
  0.0000000  0.2051500  0.0000000  0.0000000
  0.0127770  0.0359320  0.0000000  0.0000000
 -1.5210000 -1.3328000  0.0000000  0.0000000
  0.0000000  0.0000000  0.0000000  0.0000000
  0.0000000  0.0000000  0.0000000  0.0000000
  0.0000000  0.0000000  0.0000000  0.0097359
  0.0000000  0.0000000  0.0000000 -1.2979000
  0.1694100
IDDUBOIS
  44.2500 112.2000
  0.8396100  0.5835500  0.0248480  0.1364300
  0.0437940  0.0276440  0.0063534  0.0440810
 -1.6849000 -2.7957001  1.5049000 -1.0361000
  0.0332320  0.0636140  0.0081883  0.0000000
  0.6581000  1.6932000  1.8419000  0.0000000
  0.0157420  0.0388260  0.0000000  0.0132750
  0.1502800  0.1286200  0.0000000 -3.2802000
  0.0000000  0.0000000  0.0080952  0.0000000
  0.0000000  0.0000000  1.6277000  0.0000000
  0.0000000  0.0000000  0.0071712  0.0000000
  0.0000000  0.0000000 -1.8635000  0.0000000
  0.0000000  0.0000000  0.0000000  0.0000000
  0.0000000  0.0000000  0.0000000  0.0000000
  0.2681400
IDIDAHOFALLS
  43.5167 112.0667
  0.8404500  0.5579300  0.0144790  0.1116600
  0.0592580  0.0702050  0.0074293  0.0454770
 -1.2532001 -0.8140600 -1.2494000 -0.9661600
  0.0262150  0.0564350  0.0000000  0.0000000
  0.8968300  1.2582999  0.0000000  0.0000000
  0.0250440  0.0431890  0.0045642  0.0000000
  1.1092000  0.4191600 -1.8983999  0.0000000
  0.0150900  0.0378830  0.0000000  0.0000000
 -1.5755000 -1.5071000  0.0000000  0.0000000
  0.0000000  0.0000000  0.0000000  0.0000000
  0.0000000  0.0000000  0.0000000  0.0000000
  0.0000000  0.0000000  0.0000000  0.0000000
  0.0000000  0.0000000  0.0000000  0.0000000
  0.2379100
IDLEWISTON
  46.3833 117.0167
  0.7913800  0.5313400  0.0120780  0.1203300
  0.0935850  0.0671770 -0.0041514  0.0314700
 -1.2620000 -0.7964000 -3.6870000 -0.9154600
  0.0324840  0.0000000  0.0000000  0.0068790
  2.0843000  0.0000000  0.0000000 -2.1092999
  0.0000000  0.0278130  0.0000000  0.0075110
  0.0000000  0.4607300  0.0000000 -2.7999001
  0.0131110  0.0000000  0.0000000  0.0000000
 -1.9015000  0.0000000  0.0000000  0.0000000
  0.0105700  0.0000000  0.0000000  0.0049722
  1.3798000  0.0000000  0.0000000 -0.7479200
  0.0000000  0.0000000  0.0000000  0.0000000
  0.0000000  0.0000000  0.0000000  0.0000000
  0.2218400
IDMCCALL
  44.9000 116.1167
  0.7923900  0.4258000  0.0368250  0.2203000
  0.0946570  0.0857130 -0.0319840  0.0307150
 -1.2059000 -0.6483300  5.3782001 -3.0566001
  0.0280220  0.0000000  0.0000000  0.0000000
  1.5865999  0.0000000  0.0000000  0.0000000
  0.0146750  0.0000000  0.0000000  0.0000000
  1.1422000  0.0000000  0.0000000  0.0000000
  0.0256840  0.0000000  0.0000000  0.0000000
 -1.7523000  0.0000000  0.0000000  0.0000000
  0.0000000  0.0000000  0.0000000  0.0000000
  0.0000000  0.0000000  0.0000000  0.0000000
  0.0000000  0.0000000  0.0000000  0.0000000
  0.0000000  0.0000000  0.0000000  0.0000000
  0.0881690
IDPOCATELLO
  42.9167 112.6000
  0.8064100  0.5406000  0.0080931  0.1187100
  0.0876850  0.0916420  0.0000000  0.0338670
 -1.3091000 -1.1209000  0.0000000 -1.1076000
  0.0000000  0.0451390  0.0032321  0.0123270
  0.0000000  1.2378000 -0.0176870 -0.0086327
  0.0000000  0.0351400  0.0000000  0.0086274
  0.0000000  0.4675900  0.0000000 -2.5826001
  0.0175540  0.0425320 -0.0023118  0.0000000
 -0.9864900 -1.4175000 -3.4310000  0.0000000
  0.0000000  0.0000000  0.0000000  0.0000000
  0.0000000  0.0000000  0.0000000  0.0000000
  0.0132740  0.0000000  0.0000000  0.0000000
 -3.8706000  0.0000000  0.0000000  0.0000000
  0.1967600
IDPORTHILL
  49.0000 116.5000
  0.7704400  0.4801200  0.0721410  0.1653900
  0.0602920  0.0485590  0.0000000  0.0164720
 -0.9746200 -0.1909400  0.0000000 -3.0229001
  0.0403790  0.0292450  0.0230660  0.0197030
  1.6902000  2.5281000  2.6777000 -2.5025001
  0.0000000  0.0000000  0.0000000  0.0000000
  0.0000000  0.0000000  0.0000000  0.0000000
  0.0266470  0.0307430  0.0000000  0.0112880
 -1.8123000 -1.6851000  0.0000000  2.2256000
  0.0255930  0.0000000  0.0000000  0.0000000
  1.6224000  0.0000000  0.0000000  0.0000000
  0.0000000  0.0000000  0.0000000  0.0000000
  0.0000000  0.0000000  0.0000000  0.0000000
  0.2346900
IDSALMON
  45.1833 113.9000
  0.7987700  0.5436800  0.0279200  0.0991360
  0.0406200  0.0358000  0.0109040  0.0338360
 -1.6510000  2.5811000 -2.0151999 -1.0292000
  0.0300550  0.0537490  0.0000000  0.0063898
  0.8775200  0.9362400  0.0000000 -1.7299000
  0.0000000  0.0444310  0.0000000  0.0000000
  0.0000000  0.2557200  0.0000000  0.0000000
  0.0149130  0.0394260  0.0062770  0.0000000
 -1.8916000 -1.5606000  1.2885000  0.0000000
  0.0000000  0.0000000  0.0000000  0.0000000
  0.0000000  0.0000000  0.0000000  0.0000000
  0.0000000  0.0000000  0.0000000  0.0000000
  0.0000000  0.0000000  0.0000000  0.0000000
  0.3744400
IDTWINFALLS
  42.5500 114.3500
  0.8267000  0.5441500  0.0210160  0.1178300
  0.0850910  0.0000000  0.0000000  0.0106780
 -1.2200000  0.0000000  0.0000000 -1.6617000
  0.0169400  0.0000000  0.0059880  0.0000000
  1.6375999  0.0000000  0.0500040  0.0000000
  0.0131060  0.0000000  0.0000000  0.0117390
  1.9248000  0.0000000  0.0000000 -1.6914999
  0.0151710  0.0000000  0.0000000  0.0000000
 -2.2483001  0.0000000  0.0000000  0.0000000
  0.0000000  0.0000000  0.0000000  0.0096423
  0.0000000  0.0000000  0.0000000 -0.4495800
  0.0000000  0.0000000  0.0075290  0.0000000
  0.0000000  0.0000000 -2.7804999  0.0000000
  0.2971200
IDWALLACE
  47.5000 115.8833
  0.7364100  0.3432000  0.0473740  0.2301300
  0.1090700  0.1048200  0.0259220  0.0414920
 -1.2905999 -0.7304100  2.1751001  2.7549000
  0.0352750  0.0334500  0.0000000  0.0205020
  1.8772000  1.9520000  0.0000000 -2.9570000
  0.0000000  0.0000000  0.0000000  0.0000000
  0.0000000  0.0000000  0.0000000  0.0000000
  0.0171930  0.0328770  0.0099652  0.0000000
 -1.6410000 -1.9285001  1.4935000  0.0000000
  0.0206770  0.0000000  0.0000000  0.0142330
  1.4195000  0.0000000  0.0000000 -2.0105000
  0.0000000  0.0000000  0.0000000  0.0000000
  0.0000000  0.0000000  0.0000000  0.0000000
  0.2083900
KSCHANUTE
  37.6667  95.4833
  0.7960900  0.5703500  0.0293860  0.3870100
  0.0511980  0.0000000  0.0161550  0.1628300
 -3.1967001  0.0000000 -0.7313300 -1.0833000
  0.0086265  0.0000000  0.0000000  0.0427930
  2.3410001  0.0000000  0.0000000  0.1260400
  0.0000000  0.0000000  0.0000000  0.0000000
  0.0000000  0.0000000  0.0000000  0.0000000
  0.0000000  0.0000000  0.0000000  0.0000000
  0.0000000  0.0000000  0.0000000  0.0000000
  0.0000000  0.0000000  0.0000000  0.0000000
  0.0000000  0.0000000  0.0000000  0.0000000
  0.0000000  0.0000000  0.0050788  0.0000000
  0.0000000  0.0000000 -0.7586200  0.0000000
  0.2870700
KSCONCORDIA
  39.5500  97.6500
  0.8079200  0.5855900  0.0369750  0.2999300
  0.0776050  0.0439820  0.0171890  0.1492800
  2.9131000  2.9200001 -1.0552000 -0.8859200
  0.0000000  0.0399310  0.0000000  0.0213700
  0.0000000 -3.1366999  0.0000000 -0.6928900
  0.0000000  0.0000000  0.0000000  0.0288550
  0.0000000  0.0000000  0.0000000  0.9760300
  0.0000000  0.0000000  0.0081552  0.0000000
  0.0000000  0.0000000 -1.2218000  0.0000000
  0.0197830  0.0000000  0.0000000  0.0000000
  1.9946001  0.0000000  0.0000000  0.0000000
  0.0000000  0.0000000  0.0000000  0.0000000
  0.0000000  0.0000000  0.0000000  0.0000000
  0.3331400
KSDODGECITY
  37.7667  99.9667
  0.8371200  0.5949200  0.0189340  0.2416900
  0.0657850  0.0340220  0.0108070  0.1193400
  2.9412999  2.7932000 -0.5540300 -0.8319700
  0.0129900  0.0362550  0.0044557  0.0322280
  0.2503800  2.5406001 -2.7042000 -0.0502230
  0.0000000  0.0000000  0.0000000  0.0000000
  0.0000000  0.0000000  0.0000000  0.0000000
  0.0105370  0.0000000  0.0000000  0.0000000
 -0.9493100  0.0000000  0.0000000  0.0000000
  0.0120680  0.0000000  0.0034381  0.0000000
 -3.3968999  0.0000000  1.8559000  0.0000000
  0.0000000  0.0000000  0.0000000  0.0000000
  0.0000000  0.0000000  0.0000000  0.0000000
  0.3003400
KSGOODLAND
  39.3667 101.7000
  0.8365300  0.6078400  0.0275940  0.1988100
  0.0717610  0.0521490  0.0146380  0.1113000
  3.0030999 -3.0079999 -0.3600000 -0.7415900
  0.0104500  0.0445590  0.0000000  0.0191320
  0.2227600  1.7956001  0.0000000 -0.8076300
  0.0000000  0.0000000  0.0000000  0.0237940
  0.0000000  0.0000000  0.0000000  3.0534999
  0.0000000  0.0000000  0.0000000  0.0000000
  0.0000000  0.0000000  0.0000000  0.0000000
  0.0095065  0.0000000  0.0000000  0.0170140
 -3.6868000  0.0000000  0.0000000  0.7299700
  0.0000000  0.0000000  0.0000000  0.0000000
  0.0000000  0.0000000  0.0000000  0.0000000
  0.3734200
KSHAYS
  38.8667  99.3333
  0.8428700  0.6229900  0.0336520  0.2888100
  0.0849300  0.0488370  0.0000000  0.1548800
  2.9474001  2.8934000  0.0000000 -0.7956500
  0.0000000  0.0000000  0.0000000  0.0000000
  0.0000000  0.0000000  0.0000000  0.0000000
  0.0000000  0.0493930  0.0000000  0.0000000
  0.0000000 -0.2814400  0.0000000  0.0000000
  0.0000000  0.0000000  0.0000000  0.0000000
  0.0000000  0.0000000  0.0000000  0.0000000
  0.0000000  0.0000000  0.0000000  0.0259350
  0.0000000  0.0000000  0.0000000 -3.2105000
  0.0000000  0.0000000  0.0000000  0.0000000
  0.0000000  0.0000000  0.0000000  0.0000000
  0.2581000
KSMANHATTAN
  39.2000  96.5833
  0.8056200  0.6022000  0.0311800  0.3430800
  0.0680150  0.0828270  0.0078608  0.1432900
  2.9305000  2.5453000 -1.2851000 -1.0663000
  0.0000000  0.0767640  0.0000000  0.0313400
  0.0000000  2.6438999  0.0000000 -0.0037677
  0.0190580  0.0000000  0.0000000  0.0288790
  0.9888700  0.0000000  0.0000000  1.8956000
  0.0000000  0.0000000 -0.0092188  0.0481030
  0.0000000  0.0000000 -3.6703999  0.4167200
  0.0146120  0.0000000  0.0000000  0.0000000
  2.0142000  0.0000000  0.0000000  0.0000000
  0.0000000  0.0000000  0.0000000  0.0000000
  0.0000000  0.0000000  0.0000000  0.0000000
  0.3111300
KSSCOTTCITY
  38.4833 100.9000
  0.8546000  0.6570700  0.1101200  0.2894300
  0.0638210  0.0000000  0.0378580  0.1237500
  3.0097001  0.0000000 -0.7251700 -0.8507700
  0.0136020  0.0000000  0.0172860  0.0000000
  0.7185600  0.0000000 -2.8450999  0.0000000
  0.0000000  0.0000000  0.0000000  0.0000000
  0.0000000  0.0000000  0.0000000  0.0000000
  0.0000000  0.0000000  0.0000000  0.0000000
  0.0000000  0.0000000  0.0000000  0.0000000
  0.0000000  0.0000000  0.0000000  0.0000000
  0.0000000  0.0000000  0.0000000  0.0000000
  0.0136570  0.0000000  0.0210610  0.0000000
 -3.1022999  0.0000000 -2.9854000  0.0000000
  0.4557700
KSTOPEKA
  39.0667  95.6333
  0.7859700  0.5829800  0.0322520  0.3450200
  0.0579800  0.0311270  0.0140230  0.1591800
 -3.2836001 -3.0585999 -0.8038400 -0.9979900
  0.0168220  0.0475530  0.0000000  0.0371680
  2.6861000  2.3169000  0.0000000 -0.0967250
  0.0000000  0.0000000  0.0000000  0.0000000
  0.0000000  0.0000000  0.0000000  0.0000000
  0.0000000  0.0000000  0.0000000  0.0000000
  0.0000000  0.0000000  0.0000000  0.0000000
  0.0168820  0.0000000  0.0000000  0.0000000
  1.9230000  0.0000000  0.0000000  0.0000000
  0.0181640  0.0293170  0.0000000  0.0000000
 -0.3948000  2.1566000  0.0000000  0.0000000
  0.2967000
KSWICHITA
  37.6500  97.4333
  0.8137500  0.5866600  0.0211420  0.3226500
  0.0580250  0.0237320  0.0099041  0.1339900
  2.9301000  3.0583999 -0.4927200 -1.0123000
  0.0118440  0.0000000  0.0000000  0.0348960
  2.8898001  0.0000000  0.0000000 -0.1090300
  0.0247020  0.0000000  0.0000000  0.0000000
  0.6458200  0.0000000  0.0000000  0.0000000
  0.0168890  0.0000000  0.0042807  0.0000000
 -1.9560000  0.0000000 -6.2154002  0.0000000
  0.0000000  0.0000000  0.0000000  0.0000000
  0.0000000  0.0000000  0.0000000  0.0000000
  0.0000000  0.0000000  0.0000000  0.0000000
  0.0000000  0.0000000  0.0000000  0.0000000
  0.2820000
MNALEXANDRIA
  45.8667  95.3833
  0.7633200  0.5525100  0.0231540  0.2121800
  0.0486430  0.0000000  0.0135600  0.1337700
  3.0086999  0.0000000 -0.6242300 -0.9441500
  0.0373830  0.0000000  0.0000000  0.0180890
  0.2914800  0.0000000  0.0000000  0.4654200
  0.0173380  0.0000000  0.0000000  0.0000000
  0.7781200  0.0000000  0.0000000  0.0000000
  0.0000000  0.0000000  0.0000000  0.0000000
  0.0000000  0.0000000  0.0000000  0.0000000
  0.0000000  0.0000000  0.0000000  0.0180080
  0.0000000  0.0000000  0.0000000 -0.7134600
  0.0000000  0.0000000  0.0039021  0.0000000
  0.0000000  0.0000000  0.0319100  0.0000000
  0.3605700
MNBEMIDJI
  47.5000  94.9333
  0.7601200  0.5539100  0.0247440  0.1993500
  0.0576340  0.0348940  0.0193740  0.1440900
  2.6445999  2.4902000 -0.7328700 -0.8841900
  0.0275960  0.0405650  0.0067618  0.0000000
 -0.0564030  2.1410999 -2.9453001  0.0000000
  0.0222920  0.0410720  0.0060377  0.0000000
  0.9131200  0.5380300  1.8751000  0.0000000
  0.0000000  0.0000000  0.0000000  0.0125150
  0.0000000  0.0000000  0.0000000 -1.7016000
  0.0000000  0.0000000  0.0000000  0.0000000
  0.0000000  0.0000000  0.0000000  0.0000000
  0.0000000  0.0000000  0.0000000  0.0000000
  0.0000000  0.0000000  0.0000000  0.0000000
  0.3009100
MNDULUTH
  46.8333  92.1833
  0.7089500  0.4983000  0.0184280  0.2061200
  0.0300810  0.0000000  0.0117870  0.1168800
  2.6062000  0.0000000 -0.8570800 -0.9667800
  0.0331330  0.0000000  0.0000000  0.0070372
  0.0446000  0.0000000  0.0000000 -0.1523900
  0.0000000  0.0000000  0.0000000  0.0000000
  0.0000000  0.0000000  0.0000000  0.0000000
  0.0000000  0.0000000  0.0000000  0.0000000
  0.0000000  0.0000000  0.0000000  0.0000000
  0.0000000  0.0000000  0.0000000  0.0000000
  0.0000000  0.0000000  0.0000000  0.0000000
  0.0000000  0.0000000  0.0000000  0.0000000
  0.0000000  0.0000000  0.0000000  0.0000000
  0.3162200
MNGRANDMARAIS
  47.7333  90.3500
  0.7443900  0.5737100  0.0362810  0.2219900
  0.0653760  0.0380840  0.0085363  0.0973100
  2.1191001  2.5230999 -0.5359500 -0.9334600
  0.0293070  0.0489760  0.0000000  0.0300600
  0.0151550  2.1731999  0.0000000  0.0976240
  0.0000000  0.0000000  0.0000000  0.0000000
  0.0000000  0.0000000  0.0000000  0.0000000
  0.0197160  0.0000000  0.0000000  0.0000000
 -2.7985001  0.0000000  0.0000000  0.0000000
  0.0000000  0.0000000  0.0114490  0.0000000
  0.0000000  0.0000000 -0.8847700  0.0000000
  0.0000000  0.0000000  0.0000000  0.0000000
  0.0000000  0.0000000  0.0000000  0.0000000
  0.2568000
MNINTERNATIONALFALLS
  48.5667  93.3833
  0.7167500  0.5286900  0.0307390  0.1739900
  0.0400060  0.0000000  0.0178320  0.1133900
  1.8957000  0.0000000 -0.7302800 -0.9098500
  0.0366910  0.0000000  0.0000000  0.0000000
  0.2694600  0.0000000  0.0000000  0.0000000
  0.0000000  0.0000000  0.0000000  0.0090206
  0.0000000  0.0000000  0.0000000  2.7193999
  0.0273140  0.0000000  0.0000000  0.0000000
 -2.6968999  0.0000000  0.0000000  0.0000000
  0.0000000  0.0000000  0.0000000  0.0114350
  0.0000000  0.0000000  0.0000000 -0.6370500
  0.0000000  0.0000000  0.0000000  0.0000000
  0.0000000  0.0000000  0.0000000  0.0000000
  0.3751700
MNMARSHALL
  44.4500  95.8000
  0.7923400  0.5729100  0.0317810  0.2448100
  0.0898750  0.0542640  0.0130700  0.1222100
  2.9177001  2.7551000 -1.1223000 -1.0355999
  0.0000000  0.0543320  0.0000000  0.0234950
  0.0000000  2.5776999  0.0000000 -1.0574000
  0.0185510  0.0403290  0.0052622  0.0367880
  1.2222000 -0.2292600  0.3802900  0.8562800
  0.0000000  0.0000000  0.0000000  0.0000000
  0.0000000  0.0000000  0.0000000  0.0000000
  0.0161630  0.0000000  0.0000000  0.0000000
  0.7494300  0.0000000  0.0000000  0.0000000
  0.0000000  0.0000000  0.0000000  0.0205380
  0.0000000  0.0000000  0.0000000  2.0894001
  0.3648600
MNMINNEAPOLIS
  44.8833  93.2167
  0.7366000  0.5540400  0.0217350  0.2321800
  0.0434600  0.0000000  0.0120990  0.1253800
 -3.2277999  0.0000000 -0.4813600 -0.8912700
  0.0114640  0.0000000  0.0000000  0.0000000
  1.1824000  0.0000000  0.0000000  0.0000000
  0.0220280  0.0000000  0.0000000  0.0160160
  1.3523000  0.0000000  0.0000000  1.6609000
  0.0181720  0.0000000  0.0000000  0.0000000
 -3.3677001  0.0000000  0.0000000  0.0000000
  0.0000000  0.0000000  0.0000000  0.0000000
  0.0000000  0.0000000  0.0000000  0.0000000
  0.0000000  0.0000000  0.0000000  0.0155430
  0.0000000  0.0000000  0.0000000  0.9933400
  0.2975800
MNSTCLOUD
  45.5500  94.0667
  0.7564300  0.5820400  0.0283910  0.2312300
  0.0580710  0.0387660  0.0171910  0.1525000
  2.8745999 -1.2553999 -0.6845000 -0.8966300
  0.0317300  0.0380120  0.0000000  0.0163330
  0.4911900  2.5562000  0.0000000  0.7555500
  0.0146400  0.0561160  0.0000000  0.0000000
  1.4647000  0.7775600  0.0000000  0.0000000
  0.0000000  0.0000000  0.0024224  0.0000000
  0.0000000  0.0000000  2.0929000  0.0000000
  0.0000000  0.0000000  0.0000000  0.0136410
  0.0000000  0.0000000  0.0000000 -0.1625100
  0.0000000  0.0000000  0.0000000  0.0000000
  0.0000000  0.0000000  0.0000000  0.0000000
  0.3381100
MOBETHANY
  40.2667  94.0333
  0.7886900  0.5728200  0.0416030  0.3570800
  0.0629690  0.0570700  0.0213400  0.1720300
  2.9214001  2.6380999 -0.9442600 -1.2413000
  0.0000000  0.0000000  0.0000000  0.0535340
  0.0000000  0.0000000  0.0000000  0.3356200
  0.0149640  0.0000000  0.0000000  0.0000000
  1.0510000  0.0000000  0.0000000  0.0000000
  0.0000000  0.0000000  0.0000000  0.0000000
  0.0000000  0.0000000  0.0000000  0.0000000
  0.0000000  0.0000000  0.0143220  0.0000000
  0.0000000  0.0000000  0.2743300  0.0000000
  0.0000000  0.0000000  0.0000000  0.0000000
  0.0000000  0.0000000  0.0000000  0.0000000
  0.2710700
MOCOLUMBIA
  38.8167  92.2167
  0.7648100  0.5629800  0.0279810  0.3361600
  0.0483280  0.0243860  0.0100690  0.1021500
 -2.7265000 -2.3262999 -0.3958300 -1.0292000
  0.0210350  0.0316660  0.0000000  0.0236200
  2.7658999  2.4298000  0.0000000 -0.0296990
  0.0000000  0.0000000  0.0060988  0.0000000
  0.0000000  0.0000000 -0.3688600  0.0000000
  0.0000000  0.0000000  0.0000000  0.0000000
  0.0000000  0.0000000  0.0000000  0.0000000
  0.0000000  0.0000000  0.0000000  0.0197480
  0.0000000  0.0000000  0.0000000 -3.6809001
  0.0118480  0.0000000  0.0000000  0.0000000
  1.2564000  0.0000000  0.0000000  0.0000000
  0.2727900
MOKANSASCITY
  39.1167  94.5833
  0.7891400  0.5873500  0.0304950  0.3525800
  0.0732560  0.0396860  0.0124320  0.1634100
 -3.0780001  2.6914999 -0.9488300 -0.9998900
  0.0000000  0.0326490  0.0000000  0.0000000
  0.0000000 -3.0276000  0.0000000  0.0000000
  0.0000000  0.0000000  0.0000000  0.0000000
  0.0000000  0.0000000  0.0000000  0.0000000
  0.0000000  0.0000000  0.0000000  0.0000000
  0.0000000  0.0000000  0.0000000  0.0000000
  0.0000000  0.0000000  0.0000000  0.0000000
  0.0000000  0.0000000  0.0000000  0.0000000
  0.0000000  0.0000000  0.0092949  0.0000000
  0.0000000  0.0000000 -2.7783999  0.0000000
  0.2626700
MOKIRKSVILLE
  40.2000  92.5667
  0.8013700  0.6082200  0.0477160  0.4054600
  0.0534260  0.0387800  0.0000000  0.1571900
 -2.8873999  2.8736999  0.0000000 -1.1558000
  0.0150860  0.0600150  0.0238040  0.0000000
  2.2641001  2.6263001  0.6653900  0.0000000
  0.0000000  0.0000000  0.0000000  0.0000000
  0.0000000  0.0000000  0.0000000  0.0000000
  0.0000000  0.0000000  0.0000000  0.0475820
  0.0000000  0.0000000  0.0000000 -0.0541310
  0.0000000  0.0000000  0.0000000  0.0000000
  0.0000000  0.0000000  0.0000000  0.0000000
  0.0000000  0.0000000  0.0000000  0.0000000
  0.0000000  0.0000000  0.0000000  0.0000000
  0.2165900
MOROLLA
  37.9500  91.7667
  0.7800600  0.5907100  0.0759520  0.4184400
  0.0506030  0.0000000  0.0000000  0.1255900
 -2.5708001  0.0000000  0.0000000 -1.1221000
  0.0259260  0.0000000 -0.0179790  0.0000000
  2.5660000  0.0000000 -2.7706001  0.0000000
  0.0000000  0.0000000  0.0000000  0.0000000
  0.0000000  0.0000000  0.0000000  0.0000000
  0.0000000  0.0000000  0.0000000  0.0000000
  0.0000000  0.0000000  0.0000000  0.0000000
  0.0160330  0.0000000  0.0000000  0.0324300
 -3.3879001  0.0000000  0.0000000  0.0204960
  0.0000000  0.0000000  0.0000000  0.0000000
  0.0000000  0.0000000  0.0000000  0.0000000
  0.2497600
MOSPRINGFIELD
  37.2333  93.3833
  0.7702200  0.5405700  0.0334080  0.3752000
  0.0378440  0.0000000  0.0141490  0.0980030
 -2.5458000  0.0000000 -0.7278800 -1.1559000
  0.0277870  0.0000000  0.0000000  0.0407980
  2.6803000  0.0000000  0.0000000 -0.6881200
  0.0000000  0.0000000  0.0000000  0.0351240
  0.0000000  0.0000000  0.0000000  0.7338600
  0.0000000  0.0000000  0.0000000  0.0000000
  0.0000000  0.0000000  0.0000000  0.0000000
  0.0000000  0.0000000  0.0000000  0.0248850
  0.0000000  0.0000000  0.0000000 -3.1691000
  0.0000000  0.0000000  0.0000000  0.0000000
  0.0000000  0.0000000  0.0000000  0.0000000
  0.2776700
MOSTLOUIS
  38.7500  90.3667
  0.7625500  0.5459800  0.0247710  0.3191100
  0.0495490  0.0000000  0.0000000  0.0651630
 -2.2702000  0.0000000  0.0000000 -0.9468900
  0.0198480  0.0000000  0.0000000  0.0000000
 -3.4335999  0.0000000  0.0000000  0.0000000
  0.0140760  0.0000000  0.0000000  0.0254400
 -2.4937000  0.0000000  0.0000000  1.1368999
  0.0000000  0.0000000  0.0052204  0.0000000
  0.0000000  0.0000000 -1.2477000  0.0000000
  0.0000000  0.0000000  0.0000000  0.0244280
  0.0000000  0.0000000  0.0000000  2.5662000
  0.0200210  0.0000000  0.0000000  0.0000000
  1.3674001  0.0000000  0.0000000  0.0000000
  0.2488800
MOWESTPLAINS
  36.7333  91.8500
  0.7710200  0.5370500  0.0473280  0.3991400
  0.0459460  0.0000000  0.0125000  0.0582630
 -2.1259999  0.0000000 -0.4454800 -1.0164000
  0.0114600  0.0000000  0.0000000  0.0462530
 -3.2205000  0.0000000  0.0000000 -0.3212000
  0.0000000  0.0000000  0.0000000  0.0000000
  0.0000000  0.0000000  0.0000000  0.0000000
  0.0000000  0.0000000  0.0000000  0.0315030
  0.0000000  0.0000000  0.0000000  1.3451000
  0.0000000  0.0000000  0.0000000  0.0000000
  0.0000000  0.0000000  0.0000000  0.0000000
  0.0000000  0.0000000  0.0000000  0.0000000
  0.0000000  0.0000000  0.0000000  0.0000000
  0.3269700
MTBILLINGS
  45.8000 108.5333
  0.7931700  0.5629100  0.0191820  0.1413300
  0.0540090  0.0589410  0.0050153  0.0453400
 -2.8210001 -2.1708000  0.1389600 -0.6574100
  0.0116880  0.0308770  0.0032871  0.0286490
  2.2314999  1.7117000 -0.7739000 -0.7036800
  0.0150000  0.0427310  0.0000000  0.0135610
  0.1461400  0.4519600  0.0000000 -2.8092999
  0.0157610  0.0000000  0.0000000  0.0000000
 -1.9648000  0.0000000  0.0000000  0.0000000
  0.0141830  0.0000000  0.0000000  0.0000000
 -3.8117001  0.0000000  0.0000000  0.0000000
  0.0000000  0.0000000  0.0000000  0.0000000
  0.0000000  0.0000000  0.0000000  0.0000000
  0.3396800
MTBOZEMAN
  45.6667 111.0500
  0.7445100  0.5175000  0.0236900  0.1513000
  0.0554810  0.0864690  0.0105040  0.0648450
 -2.4342999  2.5074000 -1.1629000 -0.8309700
  0.0261530  0.0528930  0.0035668  0.0209670
  1.9718000  1.7013000 -0.6482800 -0.3591300
  0.0185150  0.0645740  0.0000000  0.0208080
  1.6445000  0.4824700  0.0000000 -3.5221000
  0.0000000  0.0324440  0.0000000  0.0000000
  0.0000000 -3.3487999  0.0000000  0.0000000
  0.0199950  0.0000000  0.0000000  0.0000000
 -3.7980001  0.0000000  0.0000000  0.0000000
  0.0000000  0.0000000  0.0000000  0.0000000
  0.0000000  0.0000000  0.0000000  0.0000000
  0.2851900
MTBROADUS
  45.4333 105.4000
  0.7904200  0.5573100  0.0263110  0.1286200
  0.0478960  0.0479200  0.0122330  0.0806730
 -2.8006001 -2.3759000 -0.5547800 -0.7533600
  0.0279370  0.0566990  0.0065436  0.0000000
  0.7311300  1.7244000 -0.9559200  0.0000000
  0.0168690  0.0407300  0.0038111  0.0000000
 -0.0676850  0.4111500  2.8589001  0.0000000
  0.0156360  0.0000000  0.0000000  0.0000000
 -2.3583000  0.0000000  0.0000000  0.0000000
  0.0000000  0.0000000  0.0000000  0.0000000
  0.0000000  0.0000000  0.0000000  0.0000000
  0.0172430  0.0000000  0.0000000  0.0000000
  1.0415000  0.0000000  0.0000000  0.0000000
  0.4254000
MTBUTTE
  45.9500 112.5000
  0.7761400  0.5360500  0.0207600  0.0987330
  0.0417980  0.0673370  0.0109880  0.0579620
 -2.7007999 -3.1052999 -0.8709400 -0.8229700
  0.0195380  0.0293380  0.0047546  0.0000000
  1.5350000  1.3132000 -1.1683000  0.0000000
  0.0000000  0.0304740  0.0054337  0.0148910
  0.0000000  0.3813600 -2.7314999 -2.8613999
  0.0232620  0.0381270 -0.0029128  0.0000000
 -1.8808000 -2.2944000 -2.0095000  0.0000000
  0.0175190  0.0000000  0.0031795  0.0000000
 -3.8006999  0.0000000 -2.3432000  0.0000000
  0.0000000  0.0000000  0.0000000  0.0000000
  0.0000000  0.0000000  0.0000000  0.0000000
  0.3416200
MTCUTBANK
  48.6000 112.3667
  0.8321800  0.5723000  0.0176840  0.1222300
  0.0373100  0.0455500  0.0115640  0.0945530
 -2.9071000 -3.2158999 -0.7464800 -0.6343800
  0.0261290  0.0000000  0.0050921  0.0212510
  0.3828700  0.0000000  3.0565000 -1.9891000
  0.0154290  0.0426220  0.0000000  0.0113980
  0.6654600  1.1203001  0.0000000 -2.6659999
  0.0000000  0.0342440  0.0000000  0.0000000
  0.0000000 -1.0559000  0.0000000  0.0000000
  0.0127580  0.0000000  0.0000000  0.0000000
  1.3749000  0.0000000  0.0000000  0.0000000
  0.0000000  0.0000000  0.0000000  0.0000000
  0.0000000  0.0000000  0.0000000  0.0000000
  0.3321300
MTDILLON
  45.2500 112.5500
  0.8396100  0.6236200  0.0215380  0.1078700
  0.0409060  0.0827770  0.0170910  0.0647260
 -2.8612001  2.8520000 -0.9331200 -0.7451700
  0.0196900  0.0725660  0.0000000  0.0000000
  1.4097000  2.3413000  0.0000000  0.0000000
  0.0000000  0.0663580  0.0000000  0.0000000
  0.0000000  0.2689300  0.0000000  0.0000000
  0.0000000  0.0331070  0.0000000  0.0000000
  0.0000000 -2.5813000  0.0000000  0.0000000
  0.0000000  0.0000000 -0.0027681  0.0090196
  0.0000000  0.0000000  3.3563001 -1.4782000
  0.0000000  0.0000000  0.0000000  0.0000000
  0.0000000  0.0000000  0.0000000  0.0000000
  0.3543400
MTGLASGOW
  48.2167 106.6167
  0.8045700  0.5866500  0.0157530  0.1048400
  0.0386640  0.0399700  0.0097685  0.0828090
 -2.8499999 -1.9816999 -0.7848400 -0.8719400
  0.0318080  0.0328070  0.0000000  0.0000000
  0.3678400  1.0891000  0.0000000  0.0000000
  0.0126410  0.0336360  0.0028973  0.0062214
  0.5656100  0.7287900 -2.9897001 -2.5451000
  0.0182000  0.0000000  0.0000000  0.0071074
 -2.4037001  0.0000000  0.0000000 -1.9016000
  0.0000000  0.0000000  0.0000000  0.0000000
  0.0000000  0.0000000  0.0000000  0.0000000
  0.0000000  0.0000000  0.0000000  0.0000000
  0.0000000  0.0000000  0.0000000  0.0000000
  0.4389500
MTGREATFALLS
  47.4833 111.3667
  0.7950900  0.5149100  0.0175250  0.1350900
  0.0381050  0.0570040  0.0050333  0.0652030
 -2.5897999 -2.1533999 -0.6856300 -0.5630500
  0.0205460  0.0000000  0.0000000  0.0144650
  0.7487100  0.0000000  0.0000000 -1.4638000
  0.0240640  0.0307510  0.0000000  0.0109990
  0.8468100  0.8505000  0.0000000 -2.3334000
  0.0314040  0.0000000  0.0030545  0.0000000
 -2.4589000  0.0000000 -0.1383000  0.0000000
  0.0000000  0.0000000  0.0000000  0.0000000
  0.0000000  0.0000000  0.0000000  0.0000000
  0.0000000  0.0000000  0.0000000  0.0000000
  0.0000000  0.0000000  0.0000000  0.0000000
  0.3283000
MTHAVRE
  48.5500 109.7667
  0.8205600  0.5523300  0.0214460  0.1139000
  0.0384010  0.0000000  0.0093269  0.0698600
 -2.6958001  0.0000000 -0.9258600 -0.7195700
  0.0186140  0.0000000  0.0038686  0.0000000
  0.7327200  0.0000000 -1.4521000  0.0000000
  0.0184820  0.0000000  0.0000000  0.0133560
  0.8697500  0.0000000  0.0000000 -1.8171000
  0.0000000  0.0000000  0.0000000  0.0000000
  0.0000000  0.0000000  0.0000000  0.0000000
  0.0000000  0.0000000  0.0000000  0.0000000
  0.0000000  0.0000000  0.0000000  0.0000000
  0.0000000  0.0000000  0.0000000  0.0000000
  0.0000000  0.0000000  0.0000000  0.0000000
  0.3773700
MTHELENA
  46.6000 112.0000
  0.8008900  0.5745000  0.0182020  0.1113400
  0.0344780  0.0443370  0.0081853  0.0576280
 -2.6071000 -2.8062000  0.0130070 -0.7379000
  0.0239200  0.0285510  0.0029538  0.0000000
  1.4007000  0.8868300 -1.9560000  0.0000000
  0.0000000  0.0477180  0.0063192  0.0122450
  0.0000000  0.5350600 -2.6701000 -2.3034000
  0.0148160  0.0469140  0.0000000  0.0000000
 -2.1291001 -2.1287999  0.0000000  0.0000000
  0.0000000  0.0000000  0.0000000  0.0000000
  0.0000000  0.0000000  0.0000000  0.0000000
  0.0000000  0.0000000  0.0000000  0.0000000
  0.0000000  0.0000000  0.0000000  0.0000000
  0.3576300
MTKALISPELL
  48.3000 114.2667
  0.7341600  0.4748000  0.0052021  0.1166400
  0.0817600  0.0743190  0.0000000  0.0370420
 -1.0533000 -0.7517800  0.0000000 -0.8018200
  0.0463870  0.0341550  0.0000000  0.0143600
  1.0835000  0.5849500  0.0000000 -2.2939999
  0.0210240  0.0544500  0.0000000  0.0096038
  1.1109000  0.4057300  0.0000000 -2.4412999
  0.0284160  0.0377760  0.0000000  0.0090823
 -2.3145001 -1.8028001  0.0000000 -3.5651000
  0.0257990  0.0000000 -0.0026005  0.0000000
  1.4177001  0.0000000 -2.8153999  0.0000000
  0.0189750  0.0000000  0.0000000  0.0000000
 -0.5811900  0.0000000  0.0000000  0.0000000
  0.1615000
MTLEWISTOWN
  47.0500 109.4500
  0.7679700  0.5282800  0.0334090  0.1513900
  0.0384650  0.0425470  0.0163720  0.0828980
 -2.7291000 -2.4628000 -1.0007000 -0.6332000
  0.0337770  0.0266220  0.0063984  0.0178240
  0.7322600  0.8274700 -1.7077000 -1.5437000
  0.0177970  0.0372010  0.0079994  0.0279300
  0.0840930  0.2928100 -3.3571000 -2.6066000
  0.0218990  0.0000000  0.0000000  0.0000000
 -2.4524000  0.0000000  0.0000000  0.0000000
  0.0000000  0.0000000  0.0000000  0.0000000
  0.0000000  0.0000000  0.0000000  0.0000000
  0.0000000  0.0000000  0.0000000  0.0000000
  0.0000000  0.0000000  0.0000000  0.0000000
  0.3361000
MTLIBBY
  48.4000 115.5333
  0.7727100  0.4719000  0.0487100  0.1532400
  0.0796570  0.0909460  0.0196800  0.0000000
 -0.8674800 -0.1950500  2.1798000  0.0000000
  0.0447310  0.0000000  0.0000000  0.0210140
  1.5082999  0.0000000  0.0000000 -2.3547001
  0.0300010  0.0000000  0.0000000  0.0123860
  0.4019300  0.0000000  0.0000000 -3.2769001
  0.0189610  0.0000000  0.0000000  0.0000000
 -2.4951000  0.0000000  0.0000000  0.0000000
  0.0157680  0.0000000  0.0000000  0.0000000
  1.6650000  0.0000000  0.0000000  0.0000000
  0.0000000  0.0000000  0.0000000  0.0000000
  0.0000000  0.0000000  0.0000000  0.0000000
  0.2979300
MTMILESCITY
  46.4333 105.8667
  0.8062900  0.5718900  0.0196890  0.1335100
  0.0483830  0.0360680  0.0135680  0.0859700
 -2.7612000 -2.5178001 -0.5377300 -0.8139800
  0.0258310  0.0383120  0.0047001  0.0000000
  0.8169800  1.4753000 -1.4686000  0.0000000
  0.0154800  0.0616570  0.0034112  0.0135440
 -0.2664500  0.6614600 -2.8446000 -2.9351001
  0.0114820  0.0000000  0.0000000  0.0000000
 -2.0237000  0.0000000  0.0000000  0.0000000
  0.0000000  0.0000000  0.0050639  0.0000000
  0.0000000  0.0000000 -2.3498001  0.0000000
  0.0000000  0.0000000  0.0000000  0.0057188
  0.0000000  0.0000000  0.0000000 -4.0760999
  0.3259400
MTMISSOULA
  46.9167 114.0833
  0.7427800  0.4938600  0.0107580  0.1012200
  0.0829670  0.0561930  0.0000000  0.0339230
 -1.2994000 -1.2793000  0.0000000 -0.8996600
  0.0291390  0.0277110  0.0000000  0.0119470
  1.2553999  0.9025600  0.0000000 -2.4280000
  0.0000000  0.0600860  0.0032175  0.0146450
  0.0000000  0.5399500 -2.4779999 -2.6861000
  0.0317410  0.0000000  0.0000000  0.0000000
 -2.0520999  0.0000000  0.0000000  0.0000000
  0.0150290  0.0000000  0.0000000  0.0000000
  1.6108000  0.0000000  0.0000000  0.0000000
  0.0000000  0.0000000  0.0000000  0.0000000
  0.0000000  0.0000000  0.0000000  0.0000000
  0.2503200
MTWESTYELLOWSTONE
  44.6500 111.1000
  0.7507000  0.4401900  0.0594030  0.1698100
  0.0722870  0.0993900  0.0199100  0.0340020
 -1.4460000 -0.8752300 -0.5144100 -1.1913000
  0.0304210  0.0697620  0.0172800  0.0000000
  0.7551700  0.9549600 -2.5170000  0.0000000
  0.0000000  0.0420170  0.0000000  0.0126360
  0.0000000  0.3534500  0.0000000 -2.9150000
  0.0207160  0.0349910  0.0000000  0.0000000
 -1.3923000 -1.9621000  0.0000000  0.0000000
  0.0000000  0.0000000  0.0000000  0.0000000
  0.0000000  0.0000000  0.0000000  0.0000000
  0.0000000  0.0000000  0.0000000  0.0000000
  0.0000000  0.0000000  0.0000000  0.0000000
  0.2412500
NDBISMARCK
  46.7667 100.7667
  0.7917300  0.5897200  0.0230480  0.1472400
  0.0565870  0.0376150  0.0126420  0.1013500
 -3.0223000 -2.3956001 -0.8653500 -0.7941200
  0.0362130  0.0608450  0.0000000  0.0000000
  0.3307100  1.8773000  0.0000000  0.0000000
  0.0153130  0.0000000  0.0000000  0.0000000
  1.0393000  0.0000000  0.0000000  0.0000000
  0.0212970  0.0000000  0.0000000  0.0000000
 -1.6928000  0.0000000  0.0000000  0.0000000
  0.0000000  0.0000000  0.0034763  0.0000000
  0.0000000  0.0000000  2.5534999  0.0000000
  0.0000000  0.0000000  0.0000000  0.0000000
  0.0000000  0.0000000  0.0000000  0.0000000
  0.4096300
NDBOTTINEAU
  48.8333 100.4500
  0.7914500  0.6436200  0.0327820  0.1525400
  0.0613440  0.0666910  0.0204660  0.1026600
  2.5527999  2.3936999 -0.6382900 -0.9425500
  0.0498920  0.0358830  0.0000000  0.0000000
  0.1745400  2.3557000  0.0000000  0.0000000
  0.0157270  0.0515080  0.0000000  0.0000000
 -0.1583100  0.2723500  0.0000000  0.0000000
  0.0139470  0.0000000  0.0000000  0.0000000
 -3.6399000  0.0000000  0.0000000  0.0000000
  0.0000000  0.0366920  0.0000000  0.0000000
  0.0000000 -0.4436900  0.0000000  0.0000000
  0.0000000  0.0000000  0.0000000  0.0000000
  0.0000000  0.0000000  0.0000000  0.0000000
  0.3954500
NDDICKINSON
  46.7833 102.8000
  0.8058000  0.5710700  0.0296610  0.1627900
  0.0646580  0.0529930  0.0218590  0.1204000
 -3.1582000 -2.8222001 -0.8458600 -0.6695200
  0.0329420  0.0564450  0.0000000  0.0000000
  0.6467100  2.1814001  0.0000000  0.0000000
  0.0162910  0.0397890  0.0000000  0.0000000
  0.7557100  0.1825800  0.0000000  0.0000000
  0.0191630  0.0291470  0.0000000  0.0000000
 -2.9326000 -2.8842001  0.0000000  0.0000000
  0.0000000  0.0359850  0.0000000  0.0000000
  0.0000000  0.5973000  0.0000000  0.0000000
  0.0000000  0.0000000  0.0000000  0.0121440
  0.0000000  0.0000000  0.0000000  0.9653100
  0.4100200
NDFARGO
  46.9000  96.8000
  0.7742800  0.5853800  0.0225560  0.1815900
  0.0397190  0.0000000  0.0138530  0.1114600
  2.9447999  0.0000000 -1.0419000 -0.8892000
  0.0433900  0.0000000  0.0000000  0.0146730
 -0.1897600  0.0000000  0.0000000 -0.0964490
  0.0000000  0.0000000  0.0000000  0.0000000
  0.0000000  0.0000000  0.0000000  0.0000000
  0.0184300  0.0000000  0.0000000  0.0159420
 -2.5106001  0.0000000  0.0000000 -1.7144001
  0.0000000  0.0000000  0.0000000  0.0000000
  0.0000000  0.0000000  0.0000000  0.0000000
  0.0000000  0.0000000  0.0000000  0.0141150
  0.0000000  0.0000000  0.0000000  1.0148000
  0.3832900
NDGRANDFORKS
  47.9500  97.1667
  0.7753500  0.5744000  0.0250090  0.1723500
  0.0381400  0.0000000  0.0164650  0.1148900
  2.9700000  0.0000000 -1.0029000 -0.8561700
  0.0487530  0.0000000  0.0000000  0.0000000
 -0.0616910  0.0000000  0.0000000  0.0000000
  0.0000000  0.0000000  0.0000000  0.0000000
  0.0000000  0.0000000  0.0000000  0.0000000
  0.0153930  0.0000000  0.0038034  0.0000000
 -3.4152000  0.0000000 -1.6242000  0.0000000
  0.0000000  0.0000000  0.0000000  0.0148770
  0.0000000  0.0000000  0.0000000 -0.7082100
  0.0000000  0.0000000  0.0000000  0.0162800
  0.0000000  0.0000000  0.0000000  1.3893000
  0.3416300
NDJAMESTOWN
  46.9167  98.6833
  0.8146900  0.5837900  0.0258190  0.1764700
  0.0512660  0.0304490  0.0151870  0.1137600
  2.7312000 -2.4124000 -0.6346700 -0.7194600
  0.0383070  0.0432060  0.0062298  0.0000000
 -0.0426020  2.2367001  3.4724000  0.0000000
  0.0231940  0.0330840  0.0000000  0.0000000
  0.8866700 -0.1341100  0.0000000  0.0000000
  0.0144010  0.0000000  0.0000000  0.0108100
 -3.0448999  0.0000000  0.0000000 -0.9624200
  0.0000000  0.0000000  0.0000000  0.0000000
  0.0000000  0.0000000  0.0000000  0.0000000
  0.0000000  0.0000000  0.0000000  0.0101370
  0.0000000  0.0000000  0.0000000  0.3243300
  0.3257200
NDMINOT
  48.2667 101.2833
  0.8054100  0.5818500  0.0271310  0.1996400
  0.0404780  0.0626080  0.0174700  0.1188200
 -3.1315000 -2.3288000 -0.7143700 -0.7831800
  0.0456570  0.0000000  0.0000000  0.0186640
  0.0586660  0.0000000  0.0000000 -0.1818200
  0.0214970  0.0000000  0.0000000  0.0223480
  0.6244200  0.0000000  0.0000000 -1.7763000
  0.0161230  0.0369960  0.0054462  0.0000000
 -2.2614999 -2.9993999 -0.7549700  0.0000000
  0.0000000  0.0000000 -0.0060732  0.0000000
  0.0000000  0.0000000  0.5074800  0.0000000
  0.0000000  0.0000000  0.0000000  0.0000000
  0.0000000  0.0000000  0.0000000  0.0000000
  0.3616000
NDWILLISTON
  48.1833 103.6333
  0.7999800  0.5803500  0.0208690  0.1363200
  0.0431410  0.0463820  0.0113590  0.0916750
 -3.0718000 -1.8981000 -0.4251200 -0.7402700
  0.0345030  0.0330080  0.0000000  0.0000000
  0.4177000  1.9699000  0.0000000  0.0000000
  0.0000000  0.0297630  0.0000000  0.0140670
  0.0000000  0.6974300  0.0000000 -1.8031000
  0.0200690  0.0000000  0.0000000  0.0000000
 -2.9233000  0.0000000  0.0000000  0.0000000
  0.0000000  0.0333690  0.0000000  0.0000000
  0.0000000 -0.5482300  0.0000000  0.0000000
  0.0000000  0.0000000  0.0000000  0.0000000
  0.0000000  0.0000000  0.0000000  0.0000000
  0.3882100
NECHADRON
  42.8333 103.0833
  0.8088900  0.5897900  0.0153000  0.1555000
  0.0651660  0.0906950  0.0073188  0.1133900
 -3.0445001 -2.9821000 -1.2476000 -0.7867700
  0.0190830  0.0536240  0.0064271  0.0000000
  0.2790900  2.4886000 -0.4554100  0.0000000
  0.0000000  0.0000000  0.0000000  0.0138770
  0.0000000  0.0000000  0.0000000 -1.8001000
  0.0000000  0.0000000  0.0000000  0.0000000
  0.0000000  0.0000000  0.0000000  0.0000000
  0.0000000  0.0000000  0.0000000  0.0000000
  0.0000000  0.0000000  0.0000000  0.0000000
  0.0175040  0.0000000  0.0000000  0.0000000
  1.6584001  0.0000000  0.0000000  0.0000000
  0.2923500
NEGRANDISLAND
  40.9667  98.3167
  0.8148800  0.6195000  0.0364410  0.2377100
  0.0878460  0.0804550  0.0267720  0.1367100
  3.0183001 -2.7679000 -0.5238100 -0.6548500
  0.0000000  0.0000000  0.0082638  0.0237700
  0.0000000  0.0000000  0.0178690 -1.1471000
  0.0000000  0.0000000  0.0000000  0.0000000
  0.0000000  0.0000000  0.0000000  0.0000000
  0.0210520  0.0000000  0.0000000  0.0000000
 -1.0562000  0.0000000  0.0000000  0.0000000
  0.0000000  0.0000000  0.0000000  0.0164700
  0.0000000  0.0000000  0.0000000 -1.7498000
  0.0000000  0.0000000  0.0000000  0.0000000
  0.0000000  0.0000000  0.0000000  0.0000000
  0.3440000
NEIMPERIAL
  40.5167 101.6333
  0.8534400  0.6896600  0.1048500  0.2659900
  0.0748040  0.0787750  0.0474650  0.1411300
  2.8987999 -2.9052999 -0.6506300 -0.7227700
  0.0143290  0.0561870  0.0226380  0.0000000
  1.1019000  2.5857999  3.7189000  0.0000000
  0.0107670  0.0000000  0.0000000  0.0000000
 -1.6562999  0.0000000  0.0000000  0.0000000
  0.0105140  0.0000000  0.0000000  0.0000000
 -2.4003000  0.0000000  0.0000000  0.0000000
  0.0116110  0.0000000  0.0000000  0.0000000
 -3.1161001  0.0000000  0.0000000  0.0000000
  0.0000000  0.0288950  0.0000000  0.0000000
  0.0000000  1.8551000  0.0000000  0.0000000
  0.4272200
NENORFOLK
  41.9833  97.4333
  0.8004200  0.6032100  0.0379800  0.2481700
  0.0757220  0.0622150  0.0220680  0.1347800
  2.9800000 -3.0818999 -0.8420500 -0.6660600
  0.0000000  0.0312190  0.0000000  0.0248290
  0.0000000  2.5372000  0.0000000 -0.8714500
  0.0100780  0.0000000  0.0000000  0.0258760
  1.5127000  0.0000000  0.0000000  1.4023000
  0.0146380  0.0000000  0.0000000  0.0000000
 -1.3474000  0.0000000  0.0000000  0.0000000
  0.0000000  0.0000000  0.0053899  0.0203660
  0.0000000  0.0000000  1.1327000 -0.2331500
  0.0000000  0.0244910  0.0000000  0.0000000
  0.0000000  1.0878000  0.0000000  0.0000000
  0.3552800
NENORTHPLATTE
  41.1333 100.6833
  0.8176700  0.6190600  0.0249150  0.2110400
  0.0832530  0.0764090  0.0164140  0.1231000
  2.9755001 -3.0283999 -0.5514600 -0.6525200
  0.0234720  0.0494240  0.0049619  0.0282280
  0.1344400  2.7658999 -1.3470000 -1.0559000
  0.0000000  0.0000000  0.0000000  0.0000000
  0.0000000  0.0000000  0.0000000  0.0000000
  0.0000000  0.0000000  0.0000000  0.0146090
  0.0000000  0.0000000  0.0000000  0.3466100
  0.0000000  0.0000000  0.0036005  0.0000000
  0.0000000  0.0000000 -1.3714000  0.0000000
  0.0112100  0.0000000  0.0000000  0.0000000
 -3.0657001  0.0000000  0.0000000  0.0000000
  0.3660800
NEOMAHA
  41.3000  95.9000
  0.7768600  0.5733000  0.0250340  0.2858800
  0.0585990  0.0507660  0.0142950  0.1709600
  3.0420001 -3.1066000 -0.8447900 -0.9201700
  0.0000000  0.0363450  0.0058733  0.0261330
  0.0000000 -3.3299000  0.7722300  0.2502300
  0.0151120  0.0000000  0.0000000  0.0000000
  1.3974000  0.0000000  0.0000000  0.0000000
  0.0000000  0.0000000  0.0000000  0.0000000
  0.0000000  0.0000000  0.0000000  0.0000000
  0.0000000  0.0000000  0.0000000  0.0000000
  0.0000000  0.0000000  0.0000000  0.0000000
  0.0000000  0.0000000  0.0000000  0.0000000
  0.0000000  0.0000000  0.0000000  0.0000000
  0.2973300
NESCOTTSBLUFF
  41.8667 103.6000
  0.8130100  0.5942700  0.0221340  0.1542900
  0.0797330  0.0650780  0.0099084  0.0847740
  3.0589001 -2.7972000 -0.2296000 -0.6093600
  0.0223970  0.0404530  0.0037729  0.0229790
  0.9186900  2.5943000 -1.0333000 -1.3155000
  0.0000000  0.0437240  0.0000000  0.0000000
  0.0000000  0.3804800  0.0000000  0.0000000
  0.0000000  0.0000000  0.0000000  0.0000000
  0.0000000  0.0000000  0.0000000  0.0000000
  0.0000000  0.0000000  0.0000000  0.0000000
  0.0000000  0.0000000  0.0000000  0.0000000
  0.0142570  0.0000000  0.0000000  0.0000000
  2.2807000  0.0000000  0.0000000  0.0000000
  0.3587400
NEVALENTINE
  42.8667 100.5500
  0.8158800  0.6111700  0.0167580  0.1890200
  0.0871680  0.0669990  0.0099240  0.1325600
  2.9414999 -3.1308000 -1.0854000 -0.7196200
  0.0218210  0.0250320  0.0029754  0.0000000
  0.4989400  2.0597999  0.8186700  0.0000000
  0.0000000  0.0248790  0.0000000  0.0000000
  0.0000000 -0.2633300  0.0000000  0.0000000
  0.0115650  0.0000000  0.0000000  0.0000000
 -1.7704000  0.0000000  0.0000000  0.0000000
  0.0000000  0.0000000  0.0000000  0.0079425
  0.0000000  0.0000000  0.0000000  1.0252000
  0.0000000  0.0250370  0.0000000  0.0000000
  0.0000000  0.5928800  0.0000000  0.0000000
  0.2925800
NMALBUQUERQUE
  35.0500 106.6167
  0.8742500  0.6220800  0.0168390  0.1302700
  0.0452110  0.0000000  0.0000000  0.0246660
  2.0230000  0.0000000  0.0000000 -1.3965000
  0.0426020  0.0000000  0.0000000  0.0136520
 -0.8384700  0.0000000  0.0000000  0.4360100
  0.0211160  0.0000000  0.0000000  0.0000000
 -3.2900000  0.0000000  0.0000000  0.0000000
  0.0137040  0.0000000  0.0000000  0.0203820
  0.1858700  0.0000000  0.0000000 -1.1852000
  0.0135750  0.0000000  0.0000000  0.0104620
 -2.2437999  0.0000000  0.0000000  0.2376800
  0.0113490  0.0000000  0.0000000  0.0187550
 -3.3914001  0.0000000  0.0000000 -3.3696001
  0.3219900
NMCARLSBAD
  32.3333 104.2667
  0.9062900  0.6468300  0.0449410  0.2286300
  0.0477770  0.0925760  0.0140480  0.1206700
  2.0035000  0.8685700 -1.1664000 -1.1262000
  0.0241050  0.0000000  0.0000000  0.0615390
 -0.5320300  0.0000000  0.0000000  0.8675200
  0.0000000  0.0000000  0.0144990  0.0000000
  0.0000000  0.0000000  1.5590000  0.0000000
  0.0127200  0.0000000  0.0127650  0.0000000
 -0.6995000  0.0000000  2.9895000  0.0000000
  0.0000000  0.0000000  0.0000000  0.0000000
  0.0000000  0.0000000  0.0000000  0.0000000
  0.0000000  0.0000000  0.0000000  0.0000000
  0.0000000  0.0000000  0.0000000  0.0000000
  0.4342200
NMCLAYTON
  36.4500 103.1500
  0.8553100  0.6409900  0.0400730  0.1834400
  0.0725170  0.1067000  0.0167770  0.1264900
  2.6013000  2.4453001 -0.7088300 -0.9082900
  0.0271020  0.0393330  0.0090068  0.0000000
 -0.1260000  1.7386000 -2.4586000  0.0000000
  0.0000000  0.0000000  0.0000000  0.0000000
  0.0000000  0.0000000  0.0000000  0.0000000
  0.0000000  0.0000000  0.0126360  0.0000000
  0.0000000  0.0000000  1.3700000  0.0000000
  0.0000000  0.0000000  0.0074376  0.0000000
  0.0000000  0.0000000 -0.6461000  0.0000000
  0.0000000  0.0000000  0.0000000  0.0000000
  0.0000000  0.0000000  0.0000000  0.0000000
  0.4025400
NMDEMING
  32.2667 107.7667
  0.9037300  0.5880700  0.0146940  0.1466400
  0.0502360  0.0000000  0.0000000  0.0557240
  1.2754000  0.0000000  0.0000000 -2.0132000
  0.0407710  0.0000000  0.0000000  0.0000000
 -0.8545700  0.0000000  0.0000000  0.0000000
  0.0197700  0.0000000  0.0000000  0.0000000
  2.3656001  0.0000000  0.0000000  0.0000000
  0.0132620  0.0000000  0.0000000  0.0000000
  0.3460600  0.0000000  0.0000000  0.0000000
  0.0000000  0.0000000  0.0000000  0.0000000
  0.0000000  0.0000000  0.0000000  0.0000000
  0.0000000  0.0000000  0.0000000  0.0000000
  0.0000000  0.0000000  0.0000000  0.0000000
  0.2622700
NMLOSALAMOS
  35.8667 106.3167
  0.8358200  0.5166500  0.0282960  0.1794000
  0.0576270  0.0949730  0.0096547  0.0534670
  2.3534999  2.1036999 -2.1217000 -1.9148999
  0.0584660  0.0313720  0.0000000  0.0000000
 -0.7687500 -1.0183001  0.0000000  0.0000000
  0.0309250  0.0000000  0.0000000  0.0157610
 -3.0875001  0.0000000  0.0000000 -0.2129500
  0.0153930  0.0364440  0.0000000  0.0000000
  0.0904540  0.6237200  0.0000000  0.0000000
  0.0135120  0.0301900  0.0000000  0.0000000
 -2.3740001 -1.7090000  0.0000000  0.0000000
  0.0000000  0.0000000  0.0000000  0.0000000
  0.0000000  0.0000000  0.0000000  0.0000000
  0.3474400
NMROSWELL
  33.3000 104.5333
  0.9005700  0.6252600  0.0257520  0.1944800
  0.0401990  0.0832370  0.0000000  0.0886560
  2.0815001  0.9674600  0.0000000 -0.9764000
  0.0324950  0.0000000  0.0070290  0.0000000
 -0.5830600  0.0000000  1.4296000  0.0000000
  0.0000000  0.0000000  0.0000000  0.0311250
  0.0000000  0.0000000  0.0000000 -2.9607999
  0.0000000  0.0000000  0.0000000  0.0000000
  0.0000000  0.0000000  0.0000000  0.0000000
  0.0000000  0.0000000  0.0000000  0.0225620
  0.0000000  0.0000000  0.0000000  1.9316000
  0.0000000  0.0000000  0.0000000  0.0000000
  0.0000000  0.0000000  0.0000000  0.0000000
  0.3873700
NMSOCORRO
  34.0500 106.8833
  0.9002000  0.6366000  0.0343740  0.1490400
  0.0531990  0.0797740  0.0000000  0.0321030
  2.0978999  1.2553000  0.0000000 -1.4066000
  0.0400320  0.0589450  0.0000000  0.0237730
 -0.7020100 -0.1182700  0.0000000 -0.7040900
  0.0226820  0.0000000  0.0106380  0.0000000
 -3.3025999  0.0000000 -0.7038300  0.0000000
  0.0000000  0.0000000  0.0124340  0.0000000
  0.0000000  0.0000000 -0.7090300  0.0000000
  0.0115730  0.0000000  0.0000000  0.0000000
 -1.8967000  0.0000000  0.0000000  0.0000000
  0.0000000  0.0000000 -0.0098067  0.0225900
  0.0000000  0.0000000 -5.6097002 -3.4647000
  0.4276100
NMTUCUMCARI
  35.1833 103.6000
  0.8855800  0.6528700  0.0546670  0.2366800
  0.0592470  0.0000000  0.0363830  0.1436000
  2.3903999  0.0000000 -0.9214900 -0.9856600
  0.0214430  0.0000000  0.0000000  0.0383710
 -0.4641400  0.0000000  0.0000000  0.7597000
  0.0000000  0.0000000  0.0000000  0.0000000
  0.0000000  0.0000000  0.0000000  0.0000000
  0.0000000  0.0000000  0.0000000  0.0000000
  0.0000000  0.0000000  0.0000000  0.0000000
  0.0000000  0.0000000  0.0162750  0.0000000
  0.0000000  0.0000000  2.1760001  0.0000000
  0.0000000  0.0000000  0.0000000  0.0000000
  0.0000000  0.0000000  0.0000000  0.0000000
  0.3805700
NVELKO
  40.8333 115.7833
  0.8422400  0.5239300  0.0217990  0.1134200
  0.0683090  0.0479960  0.0000000  0.0209210
 -1.3842000 -1.6335000  0.0000000 -1.7045000
  0.0000000  0.0423910  0.0052150  0.0000000
  0.0000000  1.7077000  4.3874998  0.0000000
  0.0000000  0.0342910  0.0000000  0.0106330
  0.0000000  0.5834700  0.0000000 -2.6206000
  0.0191290  0.0000000  0.0060153  0.0128000
 -1.2095000  0.0000000  0.9941300  1.3678000
  0.0000000  0.0000000  0.0041390  0.0101070
  0.0000000  0.0000000 -1.9962000 -0.8942400
  0.0193650  0.0000000  0.0000000  0.0000000
 -4.3056998  0.0000000  0.0000000  0.0000000
  0.3329900
NVELY
  39.2833 114.8500
  0.8664700  0.5502800  0.0120460  0.1152700
  0.0367750  0.0367640  0.0000000  0.0130500
 -1.9359000 -2.6115999  0.0000000 -0.9496100
  0.0117680  0.0387840  0.0000000  0.0117950
 -0.4487200  1.8307000  0.0000000 -1.1061000
  0.0156310  0.0000000  0.0000000  0.0151910
 -3.3564000  0.0000000  0.0000000 -2.4979999
  0.0000000  0.0000000  0.0000000  0.0080935
  0.0000000  0.0000000  0.0000000  0.7758500
  0.0195300  0.0000000  0.0000000  0.0000000
 -1.9397000  0.0000000  0.0000000  0.0000000
  0.0126620  0.0000000  0.0061371  0.0000000
  1.6051000  0.0000000  4.7589998  0.0000000
  0.2616600
NVFALLON
  39.4500 118.7833
  0.9128600  0.6051200  0.0162590  0.1131300
  0.0401710  0.0597950  0.0093018  0.0279580
 -1.1753000  1.6917000 -0.2921700 -0.8418700
  0.0000000  0.0000000  0.0000000  0.0000000
  0.0000000  0.0000000  0.0000000  0.0000000
  0.0000000  0.0000000  0.0000000  0.0141090
  0.0000000  0.0000000  0.0000000  2.8524001
  0.0131820  0.0445590  0.0000000  0.0000000
 -1.2356000  0.4850900  0.0000000  0.0000000
  0.0000000  0.0000000  0.0000000  0.0000000
  0.0000000  0.0000000  0.0000000  0.0000000
  0.0000000  0.0000000  0.0000000  0.0000000
  0.0000000  0.0000000  0.0000000  0.0000000
  0.2233100
NVLASVEGAS
  36.0833 115.1667
  0.9440800  0.7072600  0.0114480  0.1474800
  0.0107820  0.0000000  0.0048043  0.0200420
 -0.3882800  0.0000000  0.0176470 -2.1256001
  0.0176370  0.0000000  0.0000000  0.0000000
 -1.2482001  0.0000000  0.0000000  0.0000000
  0.0104310  0.0000000  0.0000000  0.0000000
 -3.4145000  0.0000000  0.0000000  0.0000000
  0.0132040  0.0000000  0.0000000  0.0282000
 -0.2678400  0.0000000  0.0000000  2.8139999
  0.0087625  0.0000000  0.0000000  0.0000000
 -2.3483000  0.0000000  0.0000000  0.0000000
  0.0050207  0.0000000  0.0000000  0.0000000
  1.6522000  0.0000000  0.0000000  0.0000000
  0.3106700
NVRENO
  39.5000 119.7833
  0.9010500  0.5954200  0.0163980  0.1336700
  0.0496100  0.0509910  0.0000000  0.0216060
 -1.2338001 -0.7266500  0.0000000  2.6080999
  0.0000000  0.0352260  0.0000000  0.0178040
  0.0000000 -0.0230020  0.0000000 -2.2432001
  0.0081796  0.0385850  0.0000000  0.0151450
 -3.4252999 -0.2857500  0.0000000 -3.0014000
  0.0076317  0.0000000  0.0000000  0.0000000
 -1.7323999  0.0000000  0.0000000  0.0000000
  0.0000000  0.0000000  0.0000000  0.0000000
  0.0000000  0.0000000  0.0000000  0.0000000
  0.0090975  0.0000000  0.0000000  0.0000000
 -3.8494000  0.0000000  0.0000000  0.0000000
  0.3300700
NVTONOPAH
  38.0667 117.0833
  0.9290000  0.6405000  0.0164640  0.1423200
  0.0134800  0.0000000  0.0000000  0.0383400
 -1.8923000  0.0000000  0.0000000 -1.1698999
  0.0091194  0.0000000  0.0000000  0.0000000
 -0.9742600  0.0000000  0.0000000  0.0000000
  0.0091291  0.0000000  0.0048804  0.0084126
 -3.5908999  0.0000000 -1.7207000  2.2176001
  0.0094483  0.0000000  0.0044807  0.0183490
 -0.3856100  0.0000000  0.9806300 -3.6652999
  0.0085804  0.0000000  0.0000000  0.0000000
 -2.4345000  0.0000000  0.0000000  0.0000000
  0.0112380  0.0000000  0.0000000  0.0000000
 -4.0962000  0.0000000  0.0000000  0.0000000
  0.2768700
NVWINNEMUCCA
  40.9000 117.8000
  0.8666400  0.5732200  0.0069576  0.1171400
  0.0675700  0.0558470  0.0048511  0.0254440
 -1.2102000 -1.0282000  0.9967100 -0.9581600
  0.0116210  0.0521730  0.0024924  0.0074029
  1.8411000  1.4673001  0.3398800 -1.6390001
  0.0000000  0.0332480  0.0000000  0.0000000
  0.0000000  0.0012789  0.0000000  0.0000000
  0.0084100  0.0446470  0.0000000  0.0000000
 -1.1362000 -1.7601000  0.0000000  0.0000000
  0.0000000  0.0000000  0.0000000  0.0071160
  0.0000000  0.0000000  0.0000000 -0.6913600
  0.0000000  0.0000000  0.0000000  0.0000000
  0.0000000  0.0000000  0.0000000  0.0000000
  0.2103400
OKALTUS
  34.5833  99.3333
  0.8743600  0.6145000  0.0853960  0.3745700
  0.0385620  0.0000000  0.0000000  0.1370400
  2.7495000  0.0000000  0.0000000 -0.9739500
  0.0247660  0.0000000  0.0000000  0.0000000
  2.9142001  0.0000000  0.0000000  0.0000000
  0.0172200  0.0000000  0.0000000  0.0615020
  0.5684100  0.0000000  0.0000000 -3.0237999
  0.0219940  0.0000000  0.0157230  0.0000000
 -1.2549000  0.0000000 -4.2900000  0.0000000
  0.0102030  0.0000000  0.0000000  0.0000000
 -2.6814001  0.0000000  0.0000000  0.0000000
  0.0000000  0.0000000  0.0000000  0.0000000
  0.0000000  0.0000000  0.0000000  0.0000000
  0.3934100
OKARDMORE
  34.1667  97.1333
  0.8330700  0.5930100  0.0290750  0.4180000
  0.0261360  0.0000000  0.0000000  0.1049200
 -3.2019000  0.0000000  0.0000000 -1.4816000
  0.0181190  0.0000000  0.0000000  0.0912390
 -3.0653000  0.0000000  0.0000000  0.0370880
  0.0000000  0.0000000  0.0000000  0.0000000
  0.0000000  0.0000000  0.0000000  0.0000000
  0.0000000  0.0000000  0.0000000  0.0000000
  0.0000000  0.0000000  0.0000000  0.0000000
  0.0000000  0.0000000  0.0000000  0.0000000
  0.0000000  0.0000000  0.0000000  0.0000000
  0.0000000  0.0000000  0.0000000  0.0000000
  0.0000000  0.0000000  0.0000000  0.0000000
  0.2635500
OKENID
  36.4167  97.8667
  0.8409000  0.5991200  0.0364600  0.3889300
  0.0522000  0.0000000  0.0161740  0.1714800
 -3.2635000  0.0000000 -0.9166700 -0.9604400
  0.0121770  0.0000000  0.0000000  0.0401740
  2.5596001  0.0000000  0.0000000 -0.4025700
  0.0173670  0.0000000  0.0087738  0.0394290
  0.8207300  0.0000000 -1.9890000  2.7650001
  0.0000000  0.0000000  0.0000000  0.0000000
  0.0000000  0.0000000  0.0000000  0.0000000
  0.0000000  0.0000000  0.0000000  0.0000000
  0.0000000  0.0000000  0.0000000  0.0000000
  0.0000000  0.0000000  0.0000000  0.0000000
  0.0000000  0.0000000  0.0000000  0.0000000
  0.2922000
OKMCALESTER
  34.8833  95.7833
  0.8094500  0.5614400  0.0531980  0.4664500
  0.0307090  0.0000000  0.0161440  0.1056300
 -2.7670000  0.0000000 -0.8447500 -1.2320000
  0.0263700  0.0000000  0.0000000  0.0897320
  2.9228001  0.0000000  0.0000000 -0.0722620
  0.0000000  0.0000000  0.0000000  0.0000000
  0.0000000  0.0000000  0.0000000  0.0000000
  0.0000000  0.0000000  0.0000000  0.0000000
  0.0000000  0.0000000  0.0000000  0.0000000
  0.0000000  0.0000000  0.0000000  0.0348600
  0.0000000  0.0000000  0.0000000  1.8704000
  0.0000000  0.0000000  0.0089401  0.0000000
  0.0000000  0.0000000 -1.5481000  0.0000000
  0.3074900
OKOKLAHOMACITY
  35.4000  97.6000
  0.8288800  0.5857900  0.0382430  0.3868600
  0.0443810  0.0000000  0.0150680  0.1309000
 -3.1986001  0.0000000  5.2460999 -0.9996600
  0.0142830  0.0000000  0.0000000  0.0715290
  3.0316000  0.0000000  0.0000000 -0.6489800
  0.0114180  0.0000000  0.0068605  0.0453520
  0.3178900  0.0000000 -1.8740000 -3.5158999
  0.0184100  0.0000000  0.0000000  0.0000000
 -1.3652000  0.0000000  0.0000000  0.0000000
  0.0000000  0.0000000  0.0000000  0.0000000
  0.0000000  0.0000000  0.0000000  0.0000000
  0.0000000  0.0000000  0.0070262  0.0000000
  0.0000000  0.0000000 -3.5787001  0.0000000
  0.3128100
OKPONCACITY
  36.7333  97.1000
  0.8302100  0.5912300  0.0459510  0.4000900
  0.0492820  0.0000000  0.0185220  0.1434600
  2.8408999  0.0000000 -0.6606500 -1.2171000
  0.0169790  0.0000000  0.0000000  0.0436050
  2.7850001  0.0000000  0.0000000 -0.0429740
  0.0175200  0.0000000  0.0000000  0.0000000
  0.5580000  0.0000000  0.0000000  0.0000000
  0.0155520  0.0000000  0.0000000  0.0000000
 -1.5244000  0.0000000  0.0000000  0.0000000
  0.0000000  0.0000000  0.0000000  0.0000000
  0.0000000  0.0000000  0.0000000  0.0000000
  0.0000000  0.0000000  0.0000000  0.0321010
  0.0000000  0.0000000  0.0000000 -0.0466410
  0.3300500
OKTULSA
  36.1833  95.9000
  0.8113300  0.5843300  0.0359400  0.4315900
  0.0467850  0.0000000  0.0086190  0.1312600
 -2.9112000  0.0000000 -0.6166100 -1.1365000
  0.0227330  0.0000000  0.0000000  0.0685040
  2.8338001  0.0000000  0.0000000 -0.2430600
  0.0159480  0.0000000  0.0000000  0.0000000
  0.6697500  0.0000000  0.0000000  0.0000000
  0.0167210  0.0000000  0.0000000  0.0000000
 -1.2032000  0.0000000  0.0000000  0.0000000
  0.0000000  0.0000000  0.0000000  0.0000000
  0.0000000  0.0000000  0.0000000  0.0000000
  0.0000000  0.0000000  0.0000000  0.0000000
  0.0000000  0.0000000  0.0000000  0.0000000
  0.2993800
OKWOODWARD
  36.4500  99.3833
  0.8603900  0.6222000  0.0535340  0.3149700
  0.0597090  0.0381330  0.0253150  0.1251600
  2.7844000 -3.0901000 -1.0721000 -0.9223700
  0.0155600  0.0000000  0.0000000  0.0381890
  0.5401900  0.0000000  0.0000000 -0.0190390
  0.0164610  0.0000000  0.0000000  0.0000000
  0.6299600  0.0000000  0.0000000  0.0000000
  0.0000000  0.0000000  0.0000000  0.0420480
  0.0000000  0.0000000  0.0000000 -2.8910000
  0.0000000  0.0000000  0.0000000  0.0000000
  0.0000000  0.0000000  0.0000000  0.0000000
  0.0000000  0.0000000  0.0114470  0.0324820
  0.0000000  0.0000000  2.6945000 -2.5736001
  0.3318600
ORASTORIA
  46.1500 123.8833
  0.6917000  0.2859900  0.0224510  0.3082900
  0.1319100  0.1468400  0.0232930  0.1566300
 -1.1682000 -0.8772800  2.6285000  2.6902001
  0.0450580  0.0259410  0.0071598  0.0231130
  2.2971001  2.5401001 -2.1861000 -1.2322000
  0.0000000  0.0000000  0.0000000  0.0187820
  0.0000000  0.0000000  0.0000000  1.5375000
  0.0167320  0.0000000  0.0000000  0.0000000
 -1.6946000  0.0000000  0.0000000  0.0000000
  0.0202610  0.0000000  0.0000000  0.0000000
  1.2266999  0.0000000  0.0000000  0.0000000
  0.0194590  0.0000000  0.0000000  0.0000000
 -0.9951200  0.0000000  0.0000000  0.0000000
  0.1276800
ORBAKER
  44.8333 117.8167
  0.8027800  0.5183200  0.0159490  0.1072200
  0.0836320  0.0553140  0.0000000  0.0384060
 -1.1734999 -0.4971200  0.0000000 -0.7953400
  0.0296990  0.0439720  0.0000000  0.0044479
  1.3534000  1.0831000  0.0000000  3.5718999
  0.0000000  0.0340560  0.0035453  0.0084748
  0.0000000  0.1925500 -4.5268998 -1.9718000
  0.0316770  0.0000000  0.0000000  0.0000000
 -1.7670000  0.0000000  0.0000000  0.0000000
  0.0000000  0.0000000 -0.0037548  0.0000000
  0.0000000  0.0000000 -3.8736999  0.0000000
  0.0000000  0.0000000  0.0000000  0.0000000
  0.0000000  0.0000000  0.0000000  0.0000000
  0.2979400
ORBEND
  44.0667 121.2833
  0.8479000  0.5655300  0.0315380  0.1393600
  0.0694540  0.0933800  0.0000000  0.0150430
 -0.8438200 -0.3633700  0.0000000  2.9906001
  0.0198820  0.0599370  0.0000000  0.0302140
  1.2485000  0.3136700  0.0000000 -2.2279000
  0.0000000  0.0000000  0.0000000  0.0000000
  0.0000000  0.0000000  0.0000000  0.0000000
  0.0170630  0.0000000  0.0093506  0.0000000
 -1.9663000  0.0000000  0.0111570  0.0000000
  0.0131170  0.0000000  0.0000000  0.0000000
  1.4317000  0.0000000  0.0000000  0.0000000
  0.0000000  0.0000000  0.0000000  0.0000000
  0.0000000  0.0000000  0.0000000  0.0000000
  0.3855900
ORBURNS
  43.5833 118.9500
  0.8245500  0.5163800  0.0179390  0.1155300
  0.0916340  0.1006200  0.0055829  0.0185800
 -1.0829000 -0.7060300 -3.8986001 -3.0905001
  0.0170770  0.0000000  0.0089801  0.0000000
  1.6354001  0.0000000  3.3318000  0.0000000
  0.0000000  0.0000000  0.0000000  0.0082896
  0.0000000  0.0000000  0.0000000 -1.8362000
  0.0256890  0.0362410  0.0000000  0.0000000
 -1.5312001 -1.4226000  0.0000000  0.0000000
  0.0000000  0.0000000  0.0000000  0.0000000
  0.0000000  0.0000000  0.0000000  0.0000000
  0.0000000  0.0000000  0.0000000  0.0088834
  0.0000000  0.0000000  0.0000000  0.2892700
  0.2360500
OREUGENE
  44.1167 123.2167
  0.7713300  0.3953200  0.0466180  0.3180800
  0.1573600  0.1512100  0.0221470  0.1332400
 -0.9737700 -0.8269700  2.2242000  2.7514999
  0.0298210  0.0194550 -0.0091840  0.0392650
  2.3963001  2.7084000  3.3715999 -2.6928999
  0.0000000  0.0000000  0.0000000  0.0298540
  0.0000000  0.0000000  0.0000000 -0.0296760
  0.0178970  0.0000000  0.0000000  0.0000000
 -2.0018001  0.0000000  0.0000000  0.0000000
  0.0000000  0.0000000  0.0000000  0.0000000
  0.0000000  0.0000000  0.0000000  0.0000000
  0.0116490  0.0000000  0.0000000  0.0170530
 -1.8633000  0.0000000  0.0000000 -1.4431000
  0.2331300
ORKLAMATHFALLS
  42.2167 121.7833
  0.8482700  0.4988100  0.0402420  0.1507100
  0.1083600  0.1076300  0.0000000  0.0249020
 -1.1141000 -0.9043800  0.0000000 -2.1192000
  0.0000000  0.0529160  0.0113540  0.0194140
  0.0000000  1.7309000  3.9005001 -2.0969999
  0.0116630  0.0000000  0.0000000  0.0000000
 -0.2473000  0.0000000  0.0000000  0.0000000
  0.0000000  0.0000000  0.0000000  0.0000000
  0.0000000  0.0000000  0.0000000  0.0000000
  0.0096599  0.0376220  0.0000000  0.0119460
 -2.2054000  1.5337000  0.0000000 -0.9565000
  0.0000000  0.0312240  0.0000000  0.0000000
  0.0000000  1.8186001  0.0000000  0.0000000
  0.3560700
ORLAKEVIEW
  42.1833 120.3500
  0.8426000  0.4949300  0.0325650  0.1420100
  0.1065000  0.1086500  0.0000000  0.0000000
 -1.2321000 -1.0318000  0.0000000  0.0000000
  0.0219490  0.0419400  0.0000000  0.0223140
  2.4954000  1.4165000  0.0000000 -1.3140000
  0.0106540  0.0487500  0.0086389  0.0180080
 -0.0927220 -0.5745800  3.1410000 -3.7161000
  0.0000000  0.0000000  0.0000000  0.0000000
  0.0000000  0.0000000  0.0000000  0.0000000
  0.0000000  0.0337650  0.0000000  0.0000000
  0.0000000 -3.7621000  0.0000000  0.0000000
  0.0000000  0.0356960  0.0000000  0.0000000
  0.0000000  1.4715000  0.0000000  0.0000000
  0.2682000
ORMEACHAM
  45.5000 118.4000
  0.7349900  0.3730500  0.0187820  0.2121600
  0.1723300  0.1230300  0.0113500  0.0416960
 -1.1277000 -0.9724000  1.7880000 -2.9726000
  0.0287920  0.0346650  0.0000000  0.0000000
  1.8729000  2.6833999  0.0000000  0.0000000
  0.0187150  0.0000000  0.0000000  0.0000000
  1.0453000  0.0000000  0.0000000  0.0000000
  0.0000000  0.0000000  0.0050745  0.0000000
  0.0000000  0.0000000  0.7636300  0.0000000
  0.0000000  0.0000000  0.0000000  0.0000000
  0.0000000  0.0000000  0.0000000  0.0000000
  0.0000000  0.0000000  0.0000000  0.0154300
  0.0000000  0.0000000  0.0000000 -2.1824999
  0.1494200
ORMEDFORD
  42.3833 122.8833
  0.8171300  0.4752600  0.0142950  0.1720700
  0.1287200  0.1250400  0.0000000  0.0504590
 -1.0020000 -0.7470400  0.0000000 -3.0109000
  0.0211640  0.0000000  0.0000000  0.0164040
  2.3336999  0.0000000  0.0000000 -2.7969000
  0.0139630  0.0000000  0.0000000  0.0000000
 -3.4309001  0.0000000  0.0000000  0.0000000
  0.0179260  0.0258500  0.0000000  0.0000000
 -1.8812000 -0.2383800  0.0000000  0.0000000
  0.0000000  0.0000000  0.0000000  0.0000000
  0.0000000  0.0000000  0.0000000  0.0000000
  0.0000000  0.0000000  0.0000000  0.0168960
  0.0000000  0.0000000  0.0000000 -1.5338000
  0.2559500
ORNORTHBEND
  43.4167 124.2500
  0.7299900  0.3574900  0.0407180  0.3385000
  0.1635700  0.1786100  0.0383550  0.2035400
 -1.0496000 -0.8792800  2.2711000  2.5809000
  0.0377490  0.0000000  0.0000000  0.0000000
  2.5594001  0.0000000  0.0000000  0.0000000
  0.0196440  0.0247150  0.0000000  0.0000000
 -3.3285999 -2.4740000  0.0000000  0.0000000
  0.0289280  0.0000000  0.0000000  0.0000000
 -2.2276001  0.0000000  0.0000000  0.0000000
  0.0000000  0.0000000  0.0000000  0.0000000
  0.0000000  0.0000000  0.0000000  0.0000000
  0.0241290  0.0000000  0.0000000  0.0000000
 -1.3348000  0.0000000  0.0000000  0.0000000
  0.1616600
ORONTARIO
  44.0500 116.9667
  0.8658900  0.5853700  0.0334520  0.1316900
  0.0677870  0.0783770  0.0171390  0.0185600
 -0.9678400 -0.6269900  3.0330000 -2.3657999
  0.0150810  0.0421970  0.0000000  0.0149940
  1.6957999  1.2309999  0.0000000 -3.0453000
  0.0000000  0.0000000 -0.0097490  0.0115830
  0.0000000  0.0000000 -0.6127800 -1.3928000
  0.0269990  0.0000000  0.0000000  0.0000000
 -1.4653000  0.0000000  0.0000000  0.0000000
  0.0109570  0.0427000  0.0000000  0.0000000
  2.1403000  0.2305700  0.0000000  0.0000000
  0.0000000  0.0000000  0.0000000  0.0000000
  0.0000000  0.0000000  0.0000000  0.0000000
  0.2670900
ORPORTLAND
  45.6000 122.6000
  0.7436200  0.3565700  0.0197540  0.2198900
  0.1455200  0.1321900  0.0108640  0.0728680
 -0.9869900 -0.7938100  2.5592000  2.9454999
  0.0412830  0.0000000  0.0000000  0.0317260
  2.2880001  0.0000000  0.0000000 -2.6628001
  0.0000000  0.0000000  0.0000000  0.0000000
  0.0000000  0.0000000  0.0000000  0.0000000
  0.0181030  0.0000000  0.0083437  0.0000000
 -2.2850001  0.0000000  0.4852100  0.0000000
  0.0198210  0.0000000  0.0000000  0.0000000
  0.9615800  0.0000000  0.0000000  0.0000000
  0.0000000  0.0000000  0.0000000  0.0000000
  0.0000000  0.0000000  0.0000000  0.0000000
  0.1516100
ORSALEM
  44.9167 123.0167
  0.7536500  0.3631900  0.0111080  0.2401600
  0.1595700  0.1391000  0.0000000  0.0991770
 -0.9737000 -0.6909300  0.0000000  2.7622001
  0.0346540  0.0000000  0.0046654  0.0206630
  2.3629999  0.0000000  4.2933998 -2.0727000
  0.0000000  0.0239700  0.0044367  0.0000000
  0.0000000  3.2795999  1.0901999  0.0000000
  0.0168260  0.0000000  0.0000000  0.0000000
 -1.9891000  0.0000000  0.0000000  0.0000000
  0.0000000  0.0297430  0.0000000  0.0000000
  0.0000000  2.0713999  0.0000000  0.0000000
  0.0117070  0.0000000  0.0000000  0.0000000
 -1.1711000  0.0000000  0.0000000  0.0000000
  0.1181800
ORSEXTONSUMMIT
  42.6167 123.3667
  0.7985200  0.4029200  0.0556700  0.2754100
  0.1416600  0.1644900  0.0171300  0.1146600
 -1.0997000 -0.7731100 -3.3485999  3.0592999
  0.0229360  0.0289670  0.0136220  0.0000000
  2.6036999 -3.2302001 -0.0257090  0.0000000
  0.0000000  0.0000000  0.0102450  0.0000000
  0.0000000  0.0000000  0.7099500  0.0000000
  0.0162960  0.0000000 -0.0096474  0.0217930
 -2.1480000  0.0000000 -7.0448999 -2.4560001
  0.0000000  0.0000000  0.0000000  0.0000000
  0.0000000  0.0000000  0.0000000  0.0000000
  0.0105600  0.0000000  0.0000000  0.0286880
 -2.2560999  0.0000000  0.0000000 -1.0314000
  0.3420400
ORTHEDALLES
  45.6000 121.2000
  0.8253200  0.4979500  0.0200940  0.1220800
  0.1294400  0.1758000 -0.0063531  0.0414030
 -0.8222200 -0.5674800 -0.6003800  2.8239000
  0.0225930  0.0338150  0.0044831  0.0207770
  1.3104000 -2.9384000  3.5897000 -2.9875000
  0.0000000  0.0000000  0.0047914  0.0140820
  0.0000000  0.0000000 -1.4916000 -1.7625000
  0.0172190  0.0000000  0.0000000  0.0000000
 -1.4799000  0.0000000  0.0000000  0.0000000
  0.0000000  0.0288780  0.0000000  0.0000000
  0.0000000  1.8858000  0.0000000  0.0000000
  0.0000000  0.0000000  0.0044613  0.0000000
  0.0000000  0.0000000  1.9022000  0.0000000
  0.3247000
SDABERDEEN
  45.4500  98.4333
  0.8040800  0.6050500  0.0288720  0.1823600
  0.0692850  0.0382380  0.0169700  0.1196900
 -3.0618999 -2.8195000 -0.4534200 -0.7033900
  0.0292930  0.0334250  0.0039992  0.0177610
  0.5076100  1.9397000 -0.8768900  0.0357520
  0.0000000  0.0000000  0.0000000  0.0000000
  0.0000000  0.0000000  0.0000000  0.0000000
  0.0136490  0.0000000  0.0000000  0.0162840
 -1.7160000  0.0000000  0.0000000 -1.1681000
  0.0000000  0.0000000  0.0000000  0.0000000
  0.0000000  0.0000000  0.0000000  0.0000000
  0.0000000  0.0333560  0.0000000  0.0000000
  0.0000000  0.2762200  0.0000000  0.0000000
  0.4081100
SDBUFFALOGAP
  43.5000 103.3167
  0.8130400  0.6141600  0.0577520  0.1791600
  0.0861560  0.1021200  0.0045870  0.1034600
  2.9151001  2.9349000 -0.7193800 -0.7264100
  0.0263180  0.0553880  0.0128820  0.0000000
  1.0475000  2.2605000 -3.1143000  0.0000000
  0.0000000  0.0381500  0.0000000  0.0000000
  0.0000000 -0.1490200  0.0000000  0.0000000
  0.0000000  0.0000000  0.0090751  0.0000000
  0.0000000  0.0000000  1.8588001  0.0000000
  0.0132270  0.0000000  0.0090291  0.0000000
 -1.4911000  0.0000000 -2.1192000  0.0000000
  0.0000000  0.0000000  0.0000000  0.0000000
  0.0000000  0.0000000  0.0000000  0.0000000
  0.4712100
SDHURON
  44.3833  98.2167
  0.7956600  0.6072300  0.0221130  0.1959300
  0.0737270  0.0536120  0.0152730  0.1096500
 -3.1270001 -2.6898000 -0.3346900 -0.5804900
  0.0198420  0.0614260  0.0000000  0.0310060
 -0.0489150  2.2066000  0.0000000  0.0279330
  0.0000000  0.0000000  0.0054012  0.0000000
  0.0000000  0.0000000  0.0727880  0.0000000
  0.0000000  0.0000000  0.0000000  0.0114630
  0.0000000  0.0000000  0.0000000  0.0661580
  0.0000000  0.0000000  0.0000000  0.0000000
  0.0000000  0.0000000  0.0000000  0.0000000
  0.0000000  0.0000000  0.0000000  0.0149360
  0.0000000  0.0000000  0.0000000 -4.2585001
  0.3640800
SDLEAD
  44.3500 103.7667
  0.7358900  0.5210300  0.0669040  0.2322900
  0.0622470  0.0839520  0.0078909  0.1017800
 -2.2688999 -2.3285999 -0.2653700 -0.5685800
  0.0346910  0.0465570  0.0214630  0.0365260
  0.5099600  1.4988000 -0.7893700 -0.4975700
  0.0000000  0.0000000  0.0000000  0.0000000
  0.0000000  0.0000000  0.0000000  0.0000000
  0.0156440  0.0312470  0.0000000  0.0000000
 -2.4480000 -2.0532999  0.0000000  0.0000000
  0.0000000  0.0000000  0.0000000  0.0000000
  0.0000000  0.0000000  0.0000000  0.0000000
  0.0000000  0.0000000  0.0090629  0.0000000
  0.0000000  0.0000000  3.0899999  0.0000000
  0.4445100
SDMOBRIDGE
  45.5667 100.4500
  0.7894200  0.6076600  0.0144070  0.1722500
  0.0586160  0.0599160  0.0000000  0.1047300
 -3.0457001 -2.7316999  0.0000000 -0.5848800
  0.0401010  0.0707480  0.0000000  0.0261300
  0.2841300  2.0624001  0.0000000 -0.4693100
  0.0000000  0.0000000  0.0000000  0.0000000
  0.0000000  0.0000000  0.0000000  0.0000000
  0.0000000  0.0000000  0.0000000  0.0000000
  0.0000000  0.0000000  0.0000000  0.0000000
  0.0000000  0.0000000  0.0059480  0.0000000
  0.0000000  0.0000000 -3.3973999  0.0000000
  0.0000000  0.0000000  0.0069912  0.0000000
  0.0000000  0.0000000 -2.0239999  0.0000000
  0.3103000
SDPIERRE
  44.3833 100.2833
  0.8166400  0.5928500  0.0398850  0.2044800
  0.0602470  0.0415240  0.0260700  0.1364500
 -3.1382000 -2.3057001 -0.5569800 -0.6263900
  0.0332130  0.0479330  0.0000000  0.0174980
  0.4019500  1.8578000  0.0000000  0.0025858
  0.0000000  0.0000000  0.0000000  0.0000000
  0.0000000  0.0000000  0.0000000  0.0000000
  0.0000000  0.0284760  0.0000000  0.0000000
  0.0000000 -0.6107200  0.0000000  0.0000000
  0.0000000  0.0000000  0.0000000  0.0155240
  0.0000000  0.0000000  0.0000000  0.3147000
  0.0000000  0.0000000  0.0000000  0.0000000
  0.0000000  0.0000000  0.0000000  0.0000000
  0.4270100
SDRAPIDCITY
  44.0500 103.0667
  0.7891200  0.5693200  0.0215720  0.1570900
  0.0784560  0.0533530  0.0113890  0.1074600
 -2.9875000 -2.7728000 -0.8985300 -0.6683700
  0.0191880  0.0387360  0.0058875  0.0000000
  0.2230100  1.9729000  0.2921900  0.0000000
  0.0159080  0.0000000  0.0000000  0.0000000
  0.1436500  0.0000000  0.0000000  0.0000000
  0.0174310  0.0000000  0.0000000  0.0000000
 -2.0262001  0.0000000  0.0000000  0.0000000
  0.0000000  0.0000000  0.0000000  0.0000000
  0.0000000  0.0000000  0.0000000  0.0000000
  0.0000000  0.0000000  0.0000000  0.0000000
  0.0000000  0.0000000  0.0000000  0.0000000
  0.3687200
SDSIOUXFALLS
  43.5667  96.7333
  0.7759100  0.5907900  0.0293460  0.2247300
  0.0645860  0.0400900  0.0217710  0.1213800
  2.9412999 -2.5369999 -0.7310000 -0.8961200
  0.0000000  0.0387460  0.0000000  0.0410380
  0.0000000  2.4196999  0.0000000  0.0886550
  0.0000000  0.0000000  0.0000000  0.0000000
  0.0000000  0.0000000  0.0000000  0.0000000
  0.0000000  0.0000000 -0.0035518  0.0278010
  0.0000000  0.0000000  3.1352999 -0.5646300
  0.0184770  0.0000000  0.0040668  0.0000000
  0.8141900  0.0000000 -1.0171000  0.0000000
  0.0000000  0.0000000  0.0000000  0.0000000
  0.0000000  0.0000000  0.0000000  0.0000000
  0.3844600
TXABILENE
  32.4333  99.6833
  0.8705900  0.5992700  0.0210650  0.3457400
  0.0189910  0.0000000  0.0091533  0.1537200
  2.8092999  0.0000000 -0.8285300 -1.0152000
  0.0167280  0.0000000  0.0000000  0.0000000
 -2.9382000  0.0000000  0.0000000  0.0000000
  0.0165420  0.0000000  0.0000000  0.0294550
  0.5628900  0.0000000  0.0000000 -2.4087000
  0.0170150  0.0000000  0.0000000  0.0000000
 -0.5898900  0.0000000  0.0000000  0.0000000
  0.0000000  0.0000000  0.0000000  0.0000000
  0.0000000  0.0000000  0.0000000  0.0000000
  0.0000000  0.0000000  0.0000000  0.0000000
  0.0000000  0.0000000  0.0000000  0.0000000
  0.2676400
TXAMARILLO
  35.2333 101.7000
  0.8557200  0.5997100  0.0274470  0.2477400
  0.0656170  0.0438890  0.0108500  0.1378100
  2.7007000  2.0221000 -1.1663001 -0.8895000
  0.0178300  0.0000000  0.0000000  0.0000000
  0.0679770  0.0000000  0.0000000  0.0000000
  0.0000000  0.0000000  0.0000000  0.0000000
  0.0000000  0.0000000  0.0000000  0.0000000
  0.0089264  0.0000000  0.0000000  0.0000000
 -1.5913000  0.0000000  0.0000000  0.0000000
  0.0138880  0.0000000  0.0000000  0.0000000
 -2.8836999  0.0000000  0.0000000  0.0000000
  0.0000000  0.0000000  0.0000000  0.0000000
  0.0000000  0.0000000  0.0000000  0.0000000
  0.3312500
TXBROWNSVILLE
  25.9000  97.4333
  0.8619500  0.5511900  0.0396130  0.3356400
  0.0372110  0.0312470  0.0208810  0.1396400
  0.6725900  1.1475000 -1.3301001 -0.9947400
  0.0091587  0.0363610  0.0000000  0.0581590
 -1.4822000 -0.7626000  0.0000000 -0.2250000
  0.0282760  0.0445320  0.0097048  0.0831870
  0.3219900  0.3174600 -3.3599999 -3.1382000
  0.0116270  0.0268670  0.0000000  0.0000000
 -2.6385000 -3.0244000  0.0000000  0.0000000
  0.0151520  0.0000000  0.0000000  0.0356870
  0.4446600  0.0000000  0.0000000  2.1458001
  0.0136150  0.0000000  0.0000000  0.0000000
 -2.1533000  0.0000000  0.0000000  0.0000000
  0.4613600
TXCOLLEGESTATION
  30.5833  96.3500
  0.8312800  0.5602500  0.0595340  0.4819700
  0.0312160  0.0377710  0.0193230  0.1055900
 -1.2946000 -0.0306600 -1.1619000 -1.2599000
  0.0000000  0.0000000  0.0000000  0.1087700
  0.0000000  0.0000000  0.0000000 -0.8660000
  0.0123630  0.0323790  0.0000000  0.0000000
  1.2388999  0.4858300  0.0000000  0.0000000
  0.0000000  0.0000000  0.0000000  0.0189240
  0.0000000  0.0000000  0.0000000  2.0272999
  0.0165770  0.0000000  0.0000000  0.0582480
  0.9325400  0.0000000  0.0000000 -2.9677999
  0.0145230  0.0000000  0.0000000  0.0000000
 -2.9733000  0.0000000  0.0000000  0.0000000
  0.3261700
TXCORPUSCHRISTI
  27.7667  97.5000
  0.8522800  0.5632600  0.0371570  0.3776000
  0.0158010  0.0403490  0.0235930  0.1635200
  0.2709400  0.8554900 -1.3121001 -1.0819000
  0.0098258  0.0385710  0.0000000  0.0267600
 -2.9640000 -0.0645210  0.0000000  0.6373200
  0.0267830  0.0506620  0.0000000  0.0592290
  0.4210800  0.3321200  0.0000000 -2.8301001
  0.0000000  0.0000000  0.0000000  0.0000000
  0.0000000  0.0000000  0.0000000  0.0000000
  0.0110220  0.0000000  0.0000000  0.0390600
  0.9384600  0.0000000  0.0000000  1.5864000
  0.0161230  0.0000000  0.0000000  0.0000000
 -2.4628000  0.0000000  0.0000000  0.0000000
  0.4110100
TXDALLAS
  32.8500  96.8500
  0.8398200  0.5948200  0.0324880  0.4555800
  0.0296710  0.0000000  0.0000000  0.1060900
 -2.0513000  0.0000000  0.0000000 -1.0338000
  0.0287060  0.0000000  0.0000000  0.0843200
 -3.0826001  0.0000000  0.0000000 -0.0205060
  0.0141530  0.0000000  0.0000000  0.0000000
  0.2285800  0.0000000  0.0000000  0.0000000
  0.0000000  0.0000000  0.0083920  0.0000000
  0.0000000  0.0000000 -0.6590000  0.0000000
  0.0000000  0.0000000  0.0089834  0.0228300
  0.0000000  0.0000000  4.6719999  1.8776000
  0.0000000  0.0000000  0.0000000  0.0470800
  0.0000000  0.0000000  0.0000000 -2.4071000
  0.2644800
TXDELRIO
  29.3667 100.9167
  0.8898000  0.5876700  0.0259610  0.2896200
  0.0102690  0.0000000  0.0129960  0.1544000
 -2.7667999  0.0000000 -0.9934400 -0.9941900
  0.0190630  0.0000000  0.0000000  0.0433840
  2.5193999  0.0000000  0.0000000  0.5764000
  0.0268870  0.0000000  0.0000000  0.0421170
  0.5777000  0.0000000  0.0000000 -2.9359000
  0.0103520  0.0000000  0.0000000  0.0397090
 -1.0458000  0.0000000  0.0000000 -1.2785000
  0.0000000  0.0000000  0.0000000  0.0337450
  0.0000000  0.0000000  0.0000000  2.6166000
  0.0000000  0.0000000  0.0000000  0.0000000
  0.0000000  0.0000000  0.0000000  0.0000000
  0.4087900
TXELPASO
  31.8000 106.4000
  0.9043400  0.6410900  0.0210710  0.1563900
  0.0406290  0.0726290  0.0000000  0.0543110
  1.5333000  1.0184000  0.0000000 -1.3722000
  0.0381180  0.0000000  0.0000000  0.0167050
 -0.6456200  0.0000000  0.0000000  1.2367001
  0.0154360  0.0348580  0.0000000  0.0182530
 -3.5775001  0.4618100  0.0000000  2.5387001
  0.0094361  0.0000000  0.0000000  0.0188970
  0.8663700  0.0000000  0.0000000  0.0828450
  0.0082753  0.0000000  0.0000000  0.0187260
 -1.7493000  0.0000000  0.0000000 -3.3255999
  0.0000000  0.0000000  0.0000000  0.0000000
  0.0000000  0.0000000  0.0000000  0.0000000
  0.3621000
TXFREDERICKSBURG
  30.2667  98.8667
  0.8602300  0.5642700  0.0533170  0.3869200
  0.0213880  0.0312110  0.0250270  0.1899600
 -2.0572000  0.3623600 -1.1463000 -0.9774700
  0.0176040  0.0000000  0.0000000  0.0000000
 -3.0078001  0.0000000  0.0000000  0.0000000
  0.0191070  0.0295670  0.0000000  0.0299160
  0.7337300  1.0525000  0.0000000 -3.2599001
  0.0153500  0.0000000  0.0000000  0.0000000
 -0.8630000  0.0000000  0.0000000  0.0000000
  0.0000000  0.0000000  0.0000000  0.0000000
  0.0000000  0.0000000  0.0000000  0.0000000
  0.0000000  0.0000000  0.0000000  0.0000000
  0.0000000  0.0000000  0.0000000  0.0000000
  0.3933100
TXFREEPORT
  28.9833  95.3833
  0.8144100  0.4989300  0.0845630  0.5306700
  0.0208120  0.0572340  0.0384060  0.1534700
  0.5038300  0.9976000 -1.2984999 -1.3404000
  0.0292490  0.0441430  0.0202120  0.0538980
 -0.4271700 -0.5498000  2.8027999 -0.4856200
  0.0219250  0.0000000  0.0000000  0.0504770
  1.2876000  0.0000000  0.0000000  2.7462001
  0.0000000  0.0338840  0.0000000  0.0000000
  0.0000000 -3.0899999  0.0000000  0.0000000
  0.0000000  0.0000000  0.0000000  0.0000000
  0.0000000  0.0000000  0.0000000  0.0000000
  0.0165580  0.0000000  0.0000000  0.0000000
 -2.4015000  0.0000000  0.0000000  0.0000000
  0.4507900
TXHOUSTON
  29.6500  95.2833
  0.7974500  0.5462100  0.0381640  0.4577800
  0.0195980  0.0316820  0.0177250  0.0775830
 -1.1727000  1.4181000 -2.2291999 -1.3741000
  0.0326990  0.0000000  0.0059952  0.0645100
 -0.7264700  0.0000000 -1.9442000 -0.9668500
  0.0231080  0.0371290  0.0000000  0.0553970
  2.6565001  0.3657700  0.0000000 -3.2247000
  0.0000000  0.0000000  0.0000000  0.0000000
  0.0000000  0.0000000  0.0000000  0.0000000
  0.0000000  0.0512450  0.0000000  0.0280330
  0.0000000 -0.2785700  0.0000000 -2.1854999
  0.0246370  0.0000000  0.0000000  0.0493060
 -1.9700000  0.0000000  0.0000000 -2.1914999
  0.3613800
TXLAREDO
  27.5000  99.4667
  0.8897300  0.5706600  0.0394330  0.3007600
  0.0000000  0.0755080  0.0210570  0.1514000
  0.0000000 -0.0254780 -1.0759000 -0.9660200
  0.0000000  0.0000000  0.0000000  0.0251490
  0.0000000  0.0000000  0.0000000 -0.0604700
  0.0000000  0.0480230  0.0000000  0.0000000
  0.0000000  0.8669600  0.0000000  0.0000000
  0.0000000  0.0000000  0.0000000  0.0000000
  0.0000000  0.0000000  0.0000000  0.0000000
  0.0000000  0.0532040  0.0000000  0.0282610
  0.0000000  0.2299700  0.0000000 -2.4388001
  0.0000000  0.0000000  0.0000000  0.0000000
  0.0000000  0.0000000  0.0000000  0.0000000
  0.4844300
TXLUBBOCK
  33.6500 101.8167
  0.8681100  0.5994700  0.0375660  0.2737800
  0.0463700  0.0000000  0.0193480  0.1567200
  2.4591000  0.0000000 -0.4259200 -1.0396000
  0.0034166  0.0000000  0.0000000  0.0405850
 -0.9193200  0.0000000  0.0000000  0.2376900
  0.0118540  0.0000000  0.0112250  0.0313090
  0.6266000  0.0000000 -4.7356000  2.9168000
  0.0151780  0.0000000  0.0139620  0.0000000
 -1.3749000  0.0000000 -2.0237999  0.0000000
  0.0000000  0.0000000  0.0098163  0.0000000
  0.0000000  0.0000000  1.4536000  0.0000000
  0.0000000  0.0000000  0.0000000  0.0000000
  0.0000000  0.0000000  0.0000000  0.0000000
  0.3287700
TXLUFKIN
  31.2333  94.7500
  0.7878300  0.5426200  0.0274650  0.4137500
  0.0277560  0.0000000  0.0088707  0.0328510
 -1.2356000  0.0000000 -0.4012300 -1.9649000
  0.0150430  0.0000000  0.0054092  0.0953120
 -0.8476400  0.0000000 -1.3399000 -0.6648200
  0.0170690  0.0000000  0.0000000  0.0256080
  2.4849000  0.0000000  0.0000000 -2.7049000
  0.0000000  0.0000000  0.0000000  0.0000000
  0.0000000  0.0000000  0.0000000  0.0000000
  0.0000000  0.0000000  0.0000000  0.0000000
  0.0000000  0.0000000  0.0000000  0.0000000
  0.0243870  0.0000000  0.0000000  0.0000000
 -2.6533999  0.0000000  0.0000000  0.0000000
  0.2763100
TXMARFA
  30.3000 104.0167
  0.8804500  0.6095700  0.0613640  0.2271500
  0.0758870  0.1123200  0.0000000  0.0661640
  1.9786000  1.7713000  0.0000000 -1.2512000
  0.0335820  0.0000000  0.0000000  0.0207160
 -0.4369900  0.0000000  0.0000000 -0.1006200
  0.0000000  0.0000000  0.0000000  0.0000000
  0.0000000  0.0000000  0.0000000  0.0000000
  0.0000000  0.0000000  0.0000000  0.0000000
  0.0000000  0.0000000  0.0000000  0.0000000
  0.0000000  0.0000000  0.0000000  0.0299050
  0.0000000  0.0000000  0.0000000  2.3418000
  0.0000000  0.0000000  0.0000000  0.0000000
  0.0000000  0.0000000  0.0000000  0.0000000
  0.4224700
TXMIDLAND
  31.9500 102.1833
  0.8907300  0.6308300  0.0304360  0.2654700
  0.0288200  0.0636200  0.0122390  0.1156800
  2.1078000  1.2826000 -0.3843100 -0.9103500
  0.0000000  0.0000000  0.0000000  0.0411640
  0.0000000  0.0000000  0.0000000 -0.0880800
  0.0190680  0.0000000  0.0000000  0.0000000
  0.3370900  0.0000000  0.0000000  0.0000000
  0.0087946  0.0396270  0.0000000  0.0000000
 -1.1404001 -1.5160000  0.0000000  0.0000000
  0.0000000  0.0000000  0.0078639  0.0000000
  0.0000000  0.0000000  2.4609001  0.0000000
  0.0000000  0.0000000  0.0064920  0.0000000
  0.0000000  0.0000000  3.0706000  0.0000000
  0.3773800
TXPARIS
  33.6500  95.5833
  0.8347200  0.5719900  0.1129100  0.5179900
  0.0480750  0.0000000  0.0000000  0.0000000
 -2.2047000  0.0000000  0.0000000  0.0000000
  0.0130170  0.0000000  0.0000000  0.1095700
  2.5504000  0.0000000  0.0000000 -0.5086200
  0.0000000  0.0000000  0.0000000  0.0000000
  0.0000000  0.0000000  0.0000000  0.0000000
  0.0000000  0.0000000  0.0000000  0.0000000
  0.0000000  0.0000000  0.0000000  0.0000000
  0.0000000  0.0000000  0.0000000  0.0601520
  0.0000000  0.0000000  0.0000000 -2.9927001
  0.0000000  0.0000000  0.0000000  0.0000000
  0.0000000  0.0000000  0.0000000  0.0000000
  0.3327600
TXPORTARTHUR
  29.9500  94.0167
  0.7791200  0.5573500  0.0508810  0.5479500
  0.0213280  0.0490810  0.0152560  0.0658230
  1.3346000  1.8759000 -2.4130001 -1.5141000
  0.0594530  0.0257830  0.0134680  0.1129300
 -0.4369600 -0.9717100 -1.5958000 -0.8357300
  0.0330120  0.0385670  0.0000000  0.0000000
  2.5344000  1.0051000  0.0000000  0.0000000
  0.0210710  0.0000000  0.0000000  0.0000000
 -0.6438400  0.0000000  0.0000000  0.0000000
  0.0000000  0.0000000  0.0000000  0.0000000
  0.0000000  0.0000000  0.0000000  0.0000000
  0.0158000  0.0000000  0.0000000  0.0000000
 -3.2311001  0.0000000  0.0000000  0.0000000
  0.3556900
TXPRESIDIO
  29.5500 104.3667
  0.9208200  0.7335700  0.0761600  0.2439700
  0.0443320  0.0882150  0.0321260  0.0533820
  1.8229001  1.2168000 -1.8710999 -1.0721999
  0.0247570  0.0491940  0.0231300  0.0349590
 -0.0326380 -2.6517999 -1.9579000 -0.0647420
  0.0000000  0.0534760  0.0000000  0.0000000
  0.0000000  1.2063000  0.0000000  0.0000000
  0.0089327  0.0000000  0.0000000  0.0000000
  1.1502000  0.0000000  0.0000000  0.0000000
  0.0000000  0.0467300  0.0000000  0.0000000
  0.0000000 -0.5908300  0.0000000  0.0000000
  0.0000000  0.0000000  0.0000000  0.0000000
  0.0000000  0.0000000  0.0000000  0.0000000
  0.4594200
TXSANANGELO
  31.3667 100.5000
  0.8812100  0.6175900  0.0255370  0.3063400
  0.0246260  0.0298640  0.0073077  0.1079000
  2.8422000  1.1253999 -1.3486000 -1.0161000
  0.0094217  0.0384830  0.0000000  0.0630390
 -2.8966000  1.3167000  0.0000000  0.0770180
  0.0224780  0.0640730  0.0000000  0.0538540
  0.2350900  1.2079000  0.0000000 -2.9997001
  0.0113670  0.0000000  0.0000000  0.0350460
 -0.7555300  0.0000000  0.0000000 -0.6079800
  0.0000000  0.0316740  0.0000000  0.0000000
  0.0000000 -0.9512900  0.0000000  0.0000000
  0.0000000  0.0000000  0.0000000  0.0000000
  0.0000000  0.0000000  0.0000000  0.0000000
  0.3084400
TXSANANTONIO
  29.5333  98.4667
  0.8387300  0.5626200  0.0289830  0.3607500
  0.0274410  0.0355040  0.0000000  0.1403000
 -1.5242000 -0.4962400  0.0000000 -0.9314100
  0.0244280  0.0000000 -0.0045486  0.0446160
 -3.2671001  0.0000000  2.2681000 -1.0840000
  0.0224610  0.0000000  0.0069748  0.0401590
  0.7497200  0.0000000 -2.6105001 -3.3546000
  0.0000000  0.0000000  0.0056097  0.0215920
  0.0000000  0.0000000  0.4420300 -3.1873000
  0.0000000  0.0000000  0.0000000  0.0000000
  0.0000000  0.0000000  0.0000000  0.0000000
  0.0119150  0.0255310  0.0056257  0.0000000
 -2.3603001 -0.4496000 -1.1936001  0.0000000
  0.3772100
TXTEMPLE
  31.0500  97.3500
  0.8463500  0.5520300  0.0603280  0.4503600
  0.0456340  0.0000000  0.0150400  0.0852280
 -1.4632000  0.0000000 -1.8397000 -0.8723000
  0.0058714  0.0000000  0.0000000  0.0757850
  1.0145000  0.0000000  0.0000000 -0.7107500
  0.0195920  0.0000000  0.0157410  0.0000000
  0.6295300  0.0000000 -1.6454999  0.0000000
  0.0000000  0.0000000  0.0000000  0.0000000
  0.0000000  0.0000000  0.0000000  0.0000000
  0.0000000  0.0000000  0.0000000  0.0000000
  0.0000000  0.0000000  0.0000000  0.0000000
  0.0211630  0.0000000  0.0000000  0.0000000
 -1.8832999  0.0000000  0.0000000  0.0000000
  0.3011900
TXVICTORIA
  28.8500  96.9167
  0.8193800  0.5684800  0.0415620  0.3969300
  0.0000000  0.0446020  0.0156470  0.1191000
  0.0000000  1.2406000 -1.2141000 -0.9551000
  0.0000000  0.0313780  0.0000000  0.0886070
  0.0000000  0.1169500  0.0000000 -0.4924900
  0.0000000  0.0273660  0.0103870  0.0849840
  0.0000000  0.3762800 -3.1348000 -3.0067000
  0.0000000  0.0000000  0.0000000  0.0000000
  0.0000000  0.0000000  0.0000000  0.0000000
  0.0000000  0.0226320  0.0000000  0.0000000
  0.0000000  0.7535100  0.0000000  0.0000000
  0.0000000  0.0000000  0.0000000  0.0000000
  0.0000000  0.0000000  0.0000000  0.0000000
  0.4074300
TXWACO
  31.6167  97.2167
  0.8427100  0.5789700  0.0431630  0.4017200
  0.0307780  0.0000000  0.0140420  0.1089400
 -1.6287000  0.0000000 -1.6105000 -1.0086000
  0.0272930  0.0000000  0.0000000  0.0541700
 -3.3357000  0.0000000  0.0000000 -0.6299900
  0.0126170  0.0000000  0.0113070  0.0530840
  0.5824000  0.0000000 -3.5820999  2.9245000
  0.0153540  0.0000000  0.0000000  0.0000000
 -1.1318001  0.0000000  0.0000000  0.0000000
  0.0000000  0.0000000  0.0000000  0.0350730
  0.0000000  0.0000000  0.0000000  2.6775000
  0.0000000  0.0000000  0.0083754  0.0000000
  0.0000000  0.0000000 -3.6643000  0.0000000
  0.3493300
TXWICHITAFALLS
  33.9667  98.4833
  0.8492600  0.6063100  0.0430310  0.3721400
  0.0306990  0.0000000  0.0000000  0.0943410
 -3.2584000  0.0000000  0.0000000 -0.9031300
  0.0284390  0.0000000  0.0129520  0.0614910
 -3.1408000  0.0000000 -0.0633500 -0.3894900
  0.0155070  0.0000000  0.0000000  0.0394600
  0.9336700  0.0000000  0.0000000 -3.0272999
  0.0148240  0.0000000  0.0000000  0.0000000
 -1.3016000  0.0000000  0.0000000  0.0000000
  0.0000000  0.0000000  0.0000000  0.0000000
  0.0000000  0.0000000  0.0000000  0.0000000
  0.0000000  0.0000000  0.0000000  0.0000000
  0.0000000  0.0000000  0.0000000  0.0000000
  0.3209700
UTHEBER
  40.5167 111.4167
  0.8395200  0.5621200  0.0985420  0.1815200
  0.0470210  0.0692950  0.0000000  0.0287520
 -1.3276000 -0.9873300  0.0000000 -2.7200000
  0.0000000  0.0000000  0.0214780  0.0144030
  0.0000000  0.0000000 -0.6314300 -2.1236000
  0.0122530  0.0631380  0.0000000  0.0000000
  2.0481000  0.8412800  0.0000000  0.0000000
  0.0146940  0.0000000  0.0000000  0.0000000
 -0.9282600  0.0000000  0.0000000  0.0000000
  0.0000000  0.0000000  0.0000000  0.0000000
  0.0000000  0.0000000  0.0000000  0.0000000
  0.0000000  0.0000000  0.0000000  0.0000000
  0.0000000  0.0000000  0.0000000  0.0000000
  0.4606800
UTLOGAN
  41.7500 111.8000
  0.8007800  0.4769700  0.0138130  0.1891100
  0.0733000  0.0559070  0.0000000  0.0385370
 -1.2931000 -1.2244999  0.0000000 -1.2278000
  0.0000000  0.0616890  0.0000000  0.0322060
  0.0000000  2.0711999  0.0000000  0.5541300
  0.0238550  0.0429310  0.0000000  0.0000000
  2.1329999  0.6069000  0.0000000  0.0000000
  0.0000000  0.0000000  0.0000000  0.0127240
  0.0000000  0.0000000  0.0000000  1.2617000
  0.0000000  0.0000000  0.0000000  0.0000000
  0.0000000  0.0000000  0.0000000  0.0000000
  0.0179050  0.0000000  0.0000000  0.0000000
  1.7951000  0.0000000  0.0000000  0.0000000
  0.1947700
UTMILFORD
  38.4333 113.0167
  0.8592300  0.5946600  0.0172020  0.1267500
  0.0329340  0.0399750  0.0000000  0.0283220
 -1.2867000 -2.2340000  0.0000000 -1.4870000
  0.0300960  0.0000000  0.0065455  0.0228220
 -1.4991000  0.0000000  0.2751400  0.2795000
  0.0192010  0.0000000  0.0000000  0.0000000
 -3.5901999  0.0000000  0.0000000  0.0000000
  0.0214550  0.0000000 -0.0038789  0.0000000
 -0.0584940  0.0000000  0.8077700  0.0000000
  0.0132040  0.0000000  0.0035339  0.0083151
 -2.4835000  0.0000000  1.1300000 -2.4105999
  0.0104320  0.0000000  0.0000000  0.0000000
  1.4596000  0.0000000  0.0000000  0.0000000
  0.2803000
UTMONTICELLO
  37.8667 109.3000
  0.8672400  0.5716000  0.0825680  0.2022400
  0.0000000  0.0466350  0.0150360  0.0463450
  0.0000000  0.2672300 -2.2681000 -2.3789001
  0.0000000  0.0000000  0.0149540  0.0000000
  0.0000000  0.0000000  0.0162450  0.0000000
  0.0000000  0.0000000  0.0000000  0.0000000
  0.0000000  0.0000000  0.0000000  0.0000000
  0.0000000  0.0000000  0.0159780  0.0249890
  0.0000000  0.0000000 -1.9434000 -1.8274000
  0.0000000  0.0000000  0.0000000  0.0000000
  0.0000000  0.0000000  0.0000000  0.0000000
  0.0000000  0.0372230  0.0173410  0.0155570
  0.0000000 -1.6727999 -3.5975001 -2.3322001
  0.4584200
UTRICHFIELD
  38.7667 112.0833
  0.8709200  0.6164300  0.0376910  0.1145400
  0.0129450  0.0000000  0.0000000  0.0219940
 -1.7387000  0.0000000  0.0000000 -1.4267000
  0.0163430  0.0000000  0.0000000  0.0000000
 -0.9522900  0.0000000  0.0000000  0.0000000
  0.0204330  0.0000000  0.0000000  0.0000000
  2.5741000  0.0000000  0.0000000  0.0000000
  0.0165710  0.0000000  0.0000000  0.0000000
 -0.6347800  0.0000000  0.0000000  0.0000000
  0.0000000  0.0000000  0.0091007  0.0152110
  0.0000000  0.0000000 -4.6588998 -3.5706999
  0.0000000  0.0000000  0.0000000  0.0119180
  0.0000000  0.0000000  0.0000000 -1.7731000
  0.4229300
UTSALTLAKECITY
  40.7833 111.9500
  0.8136200  0.5276300  0.0116960  0.1709400
  0.0668120  0.0421450  0.0000000  0.0278020
 -1.2265000 -1.5560000  0.0000000 -0.9082500
  0.0160870  0.0500070  0.0056348  0.0317310
 -2.0553000  2.2958000 -0.2306900  0.1239000
  0.0250070  0.0343160  0.0000000  0.0000000
  2.1795001  0.3942900  0.0000000  0.0000000
  0.0174790  0.0000000  0.0000000  0.0000000
 -0.9815200  0.0000000  0.0000000  0.0000000
  0.0000000  0.0000000  0.0000000  0.0000000
  0.0000000  0.0000000  0.0000000  0.0000000
  0.0000000  0.0000000  0.0036914  0.0000000
  0.0000000  0.0000000 -0.5546600  0.0000000
  0.1999500
UTSTGEORGE
  37.1000 113.5667
  0.9126400  0.6009200  0.0549790  0.1677700
  0.0245130  0.0668980  0.0357250  0.0414990
 -0.7240900 -0.8096000  2.5576000 -3.1378000
  0.0280640  0.0000000  0.0000000  0.0000000
 -1.1092000  0.0000000  0.0000000  0.0000000
  0.0163630  0.0537360  0.0000000  0.0000000
  2.2807000 -0.7619100  0.0000000  0.0000000
  0.0151020  0.0000000  0.0000000  0.0000000
  0.4569900  0.0000000  0.0000000  0.0000000
  0.0106930  0.0000000  0.0000000  0.0000000
 -1.8720000  0.0000000  0.0000000  0.0000000
  0.0000000  0.0000000  0.0000000  0.0000000
  0.0000000  0.0000000  0.0000000  0.0000000
  0.3153900
UTVERNAL
  40.4500 109.5167
  0.9009400  0.7063000  0.0241920  0.1514100
  0.0000000  0.0381610  0.0000000  0.0249960
  0.0000000 -3.1882999  0.0000000 -1.8800000
  0.0000000  0.0455210  0.0000000  0.0204080
  0.0000000  1.7745000  0.0000000 -0.7958100
  0.0000000  0.0607670  0.0000000  0.0239410
  0.0000000  0.3637600  0.0000000  2.6536000
  0.0000000  0.0000000  0.0000000  0.0146090
  0.0000000  0.0000000  0.0000000 -1.0260000
  0.0000000  0.0000000  0.0000000  0.0000000
  0.0000000  0.0000000  0.0000000  0.0000000
  0.0000000  0.0000000  0.0174330  0.0000000
  0.0000000  0.0000000 -2.6621001  0.0000000
  0.1372900
WABELLINGHAM
  48.8000 122.5333
  0.7030600  0.3745300  0.0024998  0.2094000
  0.1634900  0.1191300  0.0000000  0.0362880
 -0.8455100 -0.5716500  0.0000000 -3.0232000
  0.0399730  0.0000000  0.0000000  0.0000000
  2.1535001  0.0000000  0.0000000  0.0000000
  0.0000000  0.0000000  0.0000000  0.0000000
  0.0000000  0.0000000  0.0000000  0.0000000
  0.0000000  0.0239900  0.0000000  0.0122430
  0.0000000 -3.1770999  0.0000000 -2.1928999
  0.0338230  0.0000000  0.0000000  0.0000000
  1.9354000  0.0000000  0.0000000  0.0000000
  0.0000000  0.0000000  0.0000000  0.0000000
  0.0000000  0.0000000  0.0000000  0.0000000
  0.0566720
WACHELAN
  47.8333 120.0333
  0.8579700  0.5889000  0.0221800  0.1464100
  0.0782450  0.0977060  0.0000000  0.0000000
 -0.8194000 -0.3642600  0.0000000  0.0000000
  0.0286380  0.0000000  0.0098696  0.0000000
  1.0704000  0.0000000 -2.9937999  0.0000000
  0.0000000  0.0403980  0.0000000  0.0000000
  0.0000000  1.4852999  0.0000000  0.0000000
  0.0208630  0.0471220  0.0000000  0.0000000
 -1.9061000 -1.0996000  0.0000000  0.0000000
  0.0000000  0.0000000  0.0000000  0.0000000
  0.0000000  0.0000000  0.0000000  0.0000000
  0.0000000  0.0000000  0.0000000  0.0000000
  0.0000000  0.0000000  0.0000000  0.0000000
  0.2344700
WAHOQUIAM
  46.9667 123.9167
  0.6875500  0.2752900  0.0159770  0.3276600
  0.1426300  0.1360300  0.0102810  0.1574500
 -0.9771900 -0.8083800  2.4430001  2.7112999
  0.0426890  0.0183990  0.0000000  0.0000000
  2.2639000  2.3841000  0.0000000  0.0000000
  0.0000000  0.0195480  0.0000000  0.0000000
  0.0000000 -1.9089000  0.0000000  0.0000000
  0.0201500  0.0213260  0.0026018  0.0000000
 -2.1070001 -2.9305000  2.3573999  0.0000000
  0.0000000  0.0233350  0.0000000  0.0000000
  0.0000000  1.2296000  0.0000000  0.0000000
  0.0439130  0.0000000  0.0000000  0.0000000
 -0.9653000  0.0000000  0.0000000  0.0000000
  0.1236200
WAODESSA
  47.3333 118.6833
  0.8351100  0.5684400  0.0025054  0.1078600
  0.0830330  0.0857320  0.0000000  0.0119950
 -0.9829200 -0.2294100  0.0000000  2.4388001
  0.0306850  0.0000000  0.0000000  0.0147690
  1.6971000  0.0000000  0.0000000 -1.5652000
  0.0000000  0.0000000  0.0000000  0.0000000
  0.0000000  0.0000000  0.0000000  0.0000000
  0.0206890  0.0000000  0.0000000  0.0000000
 -2.1335001  0.0000000  0.0000000  0.0000000
  0.0142830  0.0277770  0.0000000  0.0000000
  1.3286000 -0.7883000  0.0000000  0.0000000
  0.0000000  0.0000000  0.0000000  0.0000000
  0.0000000  0.0000000  0.0000000  0.0000000
  0.0637490
WAOLYMPIA
  46.9667 122.9000
  0.7364200  0.3216300  0.0139970  0.2743000
  0.1531800  0.1402300  0.0000000  0.1220700
 -0.9284200 -0.7589100  0.0000000  2.8903000
  0.0299520  0.0222680  0.0000000  0.0000000
  1.9413000  2.6812999  0.0000000  0.0000000
  0.0000000  0.0000000  0.0000000  0.0000000
  0.0000000  0.0000000  0.0000000  0.0000000
  0.0202020  0.0000000  0.0000000  0.0000000
 -2.5439000  0.0000000  0.0000000  0.0000000
  0.0000000  0.0218930  0.0062188  0.0000000
  0.0000000  1.1316000  2.5796001  0.0000000
  0.0179150  0.0000000  0.0068633  0.0000000
 -1.3286999  0.0000000  0.0861340  0.0000000
  0.1070100
WASEATTLE
  47.4500 122.3000
  0.7195100  0.3842000  0.0112220  0.2175500
  0.1416300  0.1510400  0.0058015  0.0829750
 -0.9865500 -0.7221900 -3.7546999  2.9057000
  0.0392330  0.0000000  0.0000000  0.0184220
  2.2837000  0.0000000  0.0000000 -2.1644001
  0.0000000  0.0000000  0.0000000  0.0000000
  0.0000000  0.0000000  0.0000000  0.0000000
  0.0248080  0.0000000  0.0000000  0.0000000
 -2.5620000  0.0000000  0.0000000  0.0000000
  0.0152530  0.0253760  0.0000000  0.0000000
  1.3608000  1.5746000  0.0000000  0.0000000
  0.0000000  0.0000000  0.0000000  0.0000000
  0.0000000  0.0000000  0.0000000  0.0000000
  0.1169100
WASPOKANE
  47.6333 117.5333
  0.7721600  0.5174200  0.0088397  0.1411600
  0.1049500  0.1320400  0.0021505  0.0071668
 -1.0725000 -0.7453900 -2.3683000  4.0743999
  0.0397990  0.0000000  0.0032918  0.0194790
  1.3880000  0.0000000 -1.7589999 -1.9684000
  0.0129510  0.0000000  0.0000000  0.0000000
  1.6217999  0.0000000  0.0000000  0.0000000
  0.0179860  0.0294420  0.0024844  0.0000000
 -1.8573999 -1.7463000  2.6407001  0.0000000
  0.0000000  0.0000000  0.0000000  0.0000000
  0.0000000  0.0000000  0.0000000  0.0000000
  0.0000000  0.0231080  0.0000000  0.0000000
  0.0000000 -2.2992001  0.0000000  0.0000000
  0.1664900
WASPRUCE
  47.8000 124.0667
  0.6926800  0.2596100  0.1391500  0.6033700
  0.1408200  0.1150700  0.0997500  0.3274000
 -0.9547400 -0.7720000  2.2525001  2.6396999
  0.0465250  0.0191970  0.0000000  0.0000000
  2.4848001  2.4791999  0.0000000  0.0000000
  0.0000000  0.0000000  0.0000000  0.0000000
  0.0000000  0.0000000  0.0000000  0.0000000
  0.0000000  0.0000000  0.0000000  0.0000000
  0.0000000  0.0000000  0.0000000  0.0000000
  0.0000000  0.0000000  0.0000000  0.0000000
  0.0000000  0.0000000  0.0000000  0.0000000
  0.0439130  0.0000000  0.0000000  0.0291690
 -0.9526600  0.0000000  0.0000000 -0.6636400
  0.1558000
WASTAMPEDEPASS
  47.2833 121.3333
  0.6813600  0.2613300  0.0358530  0.3907400
  0.1171500  0.0977220  0.0299900  0.2012600
 -1.1673000 -0.8405000 -3.9531000  2.6907001
  0.0460080  0.0251290  0.0000000  0.0301490
  2.3847001  1.7011000  0.0000000 -2.2614000
  0.0000000  0.0000000  0.0000000  0.0226630
  0.0000000  0.0000000  0.0000000 -2.6013000
  0.0000000  0.0199560  0.0000000  0.0000000
  0.0000000 -1.8276000  0.0000000  0.0000000
  0.0321680  0.0280130  0.0000000  0.0274740
  0.8790600  1.5972000  0.0000000 -1.9965000
  0.0000000  0.0000000  0.0000000  0.0000000
  0.0000000  0.0000000  0.0000000  0.0000000
  0.1339700
WAWALLAWALLA
  46.1000 118.2833
  0.7851300  0.5229900  0.0134340  0.1789500
  0.1272700  0.1225400  0.0000000  0.0169680
 -1.0378000 -0.6842500  0.0000000 -1.7437000
  0.0259870  0.0000000  0.0000000  0.0126630
  1.9679000  0.0000000  0.0000000 -0.6644500
  0.0137300  0.0000000  0.0045608  0.0000000
  1.7170000  0.0000000 -0.0202630  0.0000000
  0.0233160  0.0000000  0.0000000  0.0000000
 -1.8602999  0.0000000  0.0000000  0.0000000
  0.0154110  0.0000000  0.0000000  0.0000000
  1.3453000  0.0000000  0.0000000  0.0000000
  0.0000000  0.0000000  0.0000000  0.0000000
  0.0000000  0.0000000  0.0000000  0.0000000
  0.1603200
WAYAKIMA
  46.5667 120.5333
  0.8653400  0.6215500  0.0058385  0.1090100
  0.0612860  0.1468500  0.0000000  0.0121880
 -0.8332800 -0.5667700  0.0000000 -2.6561000
  0.0294120  0.0000000  0.0000000  0.0134530
  1.3434000  0.0000000  0.0000000 -2.6635001
  0.0000000  0.0000000  0.0000000  0.0000000
  0.0000000  0.0000000  0.0000000  0.0000000
  0.0224180  0.0000000  0.0000000  0.0000000
 -1.9873000  0.0000000  0.0000000  0.0000000
  0.0000000  0.0000000  0.0000000  0.0000000
  0.0000000  0.0000000  0.0000000  0.0000000
  0.0000000  0.0362440  0.0000000  0.0000000
  0.0000000 -1.9213001  0.0000000  0.0000000
  0.2079400
WYCASPER
  42.9167 106.4667
  0.7992800  0.5923600  0.0199690  0.1156800
  0.0531230  0.0602180  0.0000000  0.0527670
 -2.1782000 -2.6986001  0.0000000 -0.5984200
  0.0000000  0.0560750  0.0039560  0.0202590
  0.0000000 -3.3390000 -0.9522200 -0.6711500
  0.0000000  0.0000000  0.0000000  0.0105100
  0.0000000  0.0000000  0.0000000 -2.8045001
  0.0000000  0.0000000  0.0000000  0.0000000
  0.0000000  0.0000000  0.0000000  0.0000000
  0.0000000  0.0000000  0.0000000  0.0000000
  0.0000000  0.0000000  0.0000000  0.0000000
  0.0132330  0.0000000  0.0000000  0.0000000
  2.2219000  0.0000000  0.0000000  0.0000000
  0.3468300
WYCHEYENNE
  41.1500 104.8167
  0.8035800  0.5590500  0.0183070  0.1285400
  0.0707870  0.0759870  0.0071795  0.0726810
  2.8812001 -2.9224999 -0.0159440 -0.6724600
  0.0142780  0.0501490  0.0000000  0.0000000
 -0.0691460 -3.4317000  0.0000000  0.0000000
  0.0195760  0.0000000  0.0000000  0.0121640
 -3.2242999  0.0000000  0.0000000 -1.7294000
  0.0000000  0.0000000  0.0000000  0.0000000
  0.0000000  0.0000000  0.0000000  0.0000000
  0.0000000  0.0000000  0.0000000  0.0000000
  0.0000000  0.0000000  0.0000000  0.0000000
  0.0135650  0.0000000  0.0035161  0.0000000
  2.1048999  0.0000000  1.5858001  0.0000000
  0.3695700
WYCODY
  44.5333 109.0667
  0.8473200  0.6403600  0.0325200  0.1192400
  0.0571870  0.1270000  0.0000000  0.0504720
 -3.1371000  2.7579999  0.0000000 -0.7411900
  0.0000000  0.0440210  0.0000000  0.0202340
  0.0000000  2.1363001  0.0000000 -0.3339800
  0.0000000  0.0383230  0.0000000  0.0210020
  0.0000000 -0.4945800  0.0000000 -2.4342000
  0.0000000  0.0000000  0.0000000  0.0000000
  0.0000000  0.0000000  0.0000000  0.0000000
  0.0000000  0.0000000  0.0000000  0.0000000
  0.0000000  0.0000000  0.0000000  0.0000000
  0.0143660  0.0000000  0.0105030  0.0000000
  2.1840000  0.0000000 -1.6122000  0.0000000
  0.3713800
WYGILLETTE
  44.2833 105.5000
  0.8565300  0.7238500  0.2056900  0.2188700
  0.0533250  0.0612770  0.0397160  0.0581480
 -2.7578001 -3.2365999 -0.7439900 -0.8492800
  0.0241330  0.0722660  0.0142290  0.0000000
  2.0314000  2.4317999 -0.0405490  0.0000000
  0.0000000  0.0401720  0.0000000  0.0000000
  0.0000000 -0.0285840  0.0000000  0.0000000
  0.0000000  0.0370170  0.0000000  0.0000000
  0.0000000  2.7105999  0.0000000  0.0000000
  0.0000000  0.0000000  0.0000000  0.0000000
  0.0000000  0.0000000  0.0000000  0.0000000
  0.0000000  0.0000000  0.0000000  0.0000000
  0.0000000  0.0000000  0.0000000  0.0000000
  0.8286100
WYLANDER
  42.8167 108.7333
  0.8603700  0.5798300  0.0268710  0.1705400
  0.0340590  0.0581090  0.0000000  0.0529520
 -2.5288000 -2.7892001  0.0000000 -0.3986000
  0.0177820  0.0794950  0.0096032  0.0568330
 -3.2612000  2.4684000 -1.2926000 -0.6401300
  0.0000000  0.0000000  0.0000000  0.0303920
  0.0000000  0.0000000  0.0000000 -2.8717000
  0.0000000  0.0000000  0.0000000  0.0000000
  0.0000000  0.0000000  0.0000000  0.0000000
  0.0000000  0.0000000  0.0079823  0.0000000
  0.0000000  0.0000000 -0.9381400  0.0000000
  0.0144800  0.0000000  0.0000000  0.0000000
  1.9524000  0.0000000  0.0000000  0.0000000
  0.3150200
WYLARAMIE
  41.3167 105.6833
  0.8251500  0.5959000  0.0217060  0.1199200
  0.0483800  0.0547870  0.0045860  0.0348290
  2.7911000  2.6729000  4.7182999 -0.6159000
  0.0000000  0.0356470  0.0000000  0.0187830
  0.0000000  2.3322001  0.0000000 -0.4379600
  0.0149860  0.0000000  0.0000000  0.0000000
  2.5620999  0.0000000  0.0000000  0.0000000
  0.0152280  0.0000000  0.0000000  0.0115830
  0.0633200  0.0000000  0.0000000 -1.2948000
  0.0000000  0.0000000  0.0000000  0.0000000
  0.0000000  0.0000000  0.0000000  0.0000000
  0.0174190  0.0000000  0.0000000  0.0000000
  1.9463000  0.0000000  0.0000000  0.0000000
  0.3382600
WYMORAN
  43.8500 110.5833
  0.7490600  0.4258100  0.0969590  0.1723300
  0.0750520  0.1133600  0.0000000  0.0229540
 -1.3480000 -0.8444600  0.0000000 -2.9233000
  0.0000000  0.0554450  0.0000000  0.0000000
  0.0000000  1.3123000  0.0000000  0.0000000
  0.0176810  0.0000000  0.0000000  0.0153500
  1.5890000  0.0000000  0.0000000 -2.3596001
  0.0000000  0.0000000  0.0000000  0.0000000
  0.0000000  0.0000000  0.0000000  0.0000000
  0.0000000  0.0000000  0.0000000  0.0000000
  0.0000000  0.0000000  0.0000000  0.0000000
  0.0000000  0.0255100  0.0287120  0.0000000
  0.0000000  2.0323999  0.2880600  0.0000000
  0.2677300
WYRAWLINS
  41.8000 107.2000
  0.8288700  0.5888300  0.0428230  0.1086000
  0.0417240  0.0353140  0.0115280  0.0303630
 -1.6612999 -2.1321001 -0.8293500 -0.9561400
  0.0000000  0.0453220 -0.0066321  0.0087014
  0.0000000  2.6631000 -3.3933001 -1.7463000
  0.0137760  0.0000000  0.0000000  0.0141070
  2.5873001  0.0000000  0.0000000 -2.2254000
  0.0000000  0.0000000  0.0000000  0.0000000
  0.0000000  0.0000000  0.0000000  0.0000000
  0.0000000  0.0000000  0.0045865  0.0083968
  0.0000000  0.0000000  1.9593000  0.1443300
  0.0159920  0.0305560  0.0000000  0.0086813
 -3.8343000 -0.2595400  0.0000000  1.6740000
  0.5598500
WYROCKSPRINGS
  41.5833 109.2167
  0.8376400  0.6663000  0.0215410  0.1123300
  0.0360110  0.0687900  0.0000000  0.0455300
 -1.8334000 -3.2363000  0.0000000 -0.8894100
  0.0000000  0.0606740  0.0000000  0.0000000
  0.0000000  2.4607999  0.0000000  0.0000000
  0.0000000  0.0390280  0.0054378  0.0080584
  0.0000000  0.4573400  1.3757000 -2.7629001
  0.0136560  0.0000000  0.0000000  0.0000000
 -1.1823000  0.0000000  0.0000000  0.0000000
  0.0000000  0.0312460  0.0000000  0.0000000
  0.0000000 -3.5922000  0.0000000  0.0000000
  0.0000000  0.0000000  0.0044256  0.0000000
  0.0000000  0.0000000 -1.2252001  0.0000000
  0.3389900
WYSHERIDAN
  44.7667 106.9667
  0.7721700  0.5521200  0.0224120  0.1309100
  0.0541950  0.0529990  0.0042354  0.0645330
 -2.1810999 -2.2988999  0.3038300 -0.6912800
  0.0152780  0.0351620  0.0061921  0.0159830
  2.1276000  2.1677999 -0.1604900 -0.7173000
  0.0000000  0.0465190  0.0000000  0.0141570
  0.0000000  0.5650500  0.0000000 -3.3557999
  0.0146810  0.0000000  0.0031313  0.0000000
 -2.1730001  0.0000000  0.7095600  0.0000000
  0.0000000  0.0000000  0.0000000  0.0000000
  0.0000000  0.0000000  0.0000000  0.0000000
  0.0178440  0.0000000  0.0034439  0.0000000
  1.2455000  0.0000000  1.1973000  0.0000000
  0.3721100
WYWORLAND
  44.0167 107.9667
  0.8990600  0.7183700  0.0585070  0.1231100
  0.0361750  0.1413500  0.0000000  0.0576240
 -3.2226000  2.6974001  0.0000000 -0.9905200
  0.0124420  0.0621430  0.0222980  0.0000000
  1.9139000  2.1800001 -0.5602800  0.0000000
  0.0202990  0.0648440  0.0000000  0.0122190
  0.1998300  0.4259200  0.0000000 -1.6368001
  0.0108460  0.0426500  0.0000000  0.0161960
 -1.0862000 -3.6375000  0.0000000 -2.0191000
  0.0000000  0.0000000  0.0000000  0.0000000
  0.0000000  0.0000000  0.0000000  0.0000000
  0.0000000  0.0404660  0.0000000  0.0000000
  0.0000000 -0.3521900  0.0000000  0.0000000
  0.5263100
